root_label,path,kind,reason,line,redaction
ROOT_BRAIN_OS,C:\Users\L-Tyr\OneDrive\Escritorio\-= BRAIN_OS =-\MEDIOEVO_OSIT_CANON_MINIMO_PARA_IAS_v1_0.md,path_name,payment_or_provider,0,REDACTED_PATH_VALUE
ROOT_BRAIN_OS,C:\Users\L-Tyr\OneDrive\Escritorio\-= BRAIN_OS =-\MEDIOEVO_OSIT_CANON_MINIMO_PARA_IAS_v1_0.pdf,path_name,payment_or_provider,0,REDACTED_PATH_VALUE
ROOT_BRAIN_OS,C:\Users\L-Tyr\OneDrive\Escritorio\-= BRAIN_OS =-\MEDIOEVO_OSIT_v12_2_1_CARPETA_MAESTRA_RECONSTRUCTIVA.zip,zip_name,secret_name inside ZIP name,0,REDACTED_ZIP_ENTRY_NAME
ROOT_BRAIN_OS,C:\Users\L-Tyr\OneDrive\Escritorio\-= BRAIN_OS =-\Prompt-Execute-Master.zip,zip_name,secret_name inside ZIP name,0,REDACTED_ZIP_ENTRY_NAME
ROOT_BRAIN_OS,C:\Users\L-Tyr\OneDrive\Escritorio\-= BRAIN_OS =-\POST\Qwen_01.png,path_name,payment_or_provider,0,REDACTED_PATH_VALUE
ROOT_BRAIN_OS,C:\Users\L-Tyr\OneDrive\Escritorio\-= BRAIN_OS =-\POST\Qwen_02.png,path_name,payment_or_provider,0,REDACTED_PATH_VALUE
ROOT_WORKSPACE,C:\Users\L-Tyr\OneDrive\Escritorio\-=L.R.GONZALEZ=-\SECRET_SCAN_REPORT.md,path_name,secret_name,0,REDACTED_PATH_VALUE
ROOT_WORKSPACE,C:\Users\L-Tyr\OneDrive\Escritorio\-=L.R.GONZALEZ=-\-=MEDIOEVO=-\-=LIBROS\.claudeignore,path_name,local_settings,0,REDACTED_PATH_VALUE
ROOT_WORKSPACE,C:\Users\L-Tyr\OneDrive\Escritorio\-=L.R.GONZALEZ=-\-=MEDIOEVO=-\-=LIBROS\.discord_client_id,path_name,payment_or_provider,0,REDACTED_PATH_VALUE
ROOT_WORKSPACE,C:\Users\L-Tyr\OneDrive\Escritorio\-=L.R.GONZALEZ=-\-=MEDIOEVO=-\-=LIBROS\.discord_token,path_name,secret_name,0,REDACTED_PATH_VALUE
ROOT_WORKSPACE,C:\Users\L-Tyr\OneDrive\Escritorio\-=L.R.GONZALEZ=-\-=MEDIOEVO=-\-=LIBROS\.discord_token,path_name,payment_or_provider,0,REDACTED_PATH_VALUE
ROOT_WORKSPACE,C:\Users\L-Tyr\OneDrive\Escritorio\-=L.R.GONZALEZ=-\-=MEDIOEVO=-\-=LIBROS\.youtube_token.pickle,path_name,secret_name,0,REDACTED_PATH_VALUE
ROOT_WORKSPACE,C:\Users\L-Tyr\OneDrive\Escritorio\-=L.R.GONZALEZ=-\-=MEDIOEVO=-\-=LIBROS\.youtube_token.pickle,path_name,payment_or_provider,0,REDACTED_PATH_VALUE
ROOT_WORKSPACE,C:\Users\L-Tyr\OneDrive\Escritorio\-=L.R.GONZALEZ=-\-=MEDIOEVO=-\-=LIBROS\claudio_local.py,content,assignment_secret,540,REDACTED_MATCH
ROOT_WORKSPACE,C:\Users\L-Tyr\OneDrive\Escritorio\-=L.R.GONZALEZ=-\-=MEDIOEVO=-\-=LIBROS\claudio_local.py,content,assignment_secret,544,REDACTED_MATCH
ROOT_WORKSPACE,C:\Users\L-Tyr\OneDrive\Escritorio\-=L.R.GONZALEZ=-\-=MEDIOEVO=-\-=LIBROS\create_playlist_videos.py,content,assignment_secret,12,REDACTED_MATCH
ROOT_WORKSPACE,C:\Users\L-Tyr\OneDrive\Escritorio\-=L.R.GONZALEZ=-\-=MEDIOEVO=-\-=LIBROS\create_youtube_albums.py,path_name,payment_or_provider,0,REDACTED_PATH_VALUE
ROOT_WORKSPACE,C:\Users\L-Tyr\OneDrive\Escritorio\-=L.R.GONZALEZ=-\-=MEDIOEVO=-\-=LIBROS\discord_bot.log,path_name,payment_or_provider,0,REDACTED_PATH_VALUE
ROOT_WORKSPACE,C:\Users\L-Tyr\OneDrive\Escritorio\-=L.R.GONZALEZ=-\-=MEDIOEVO=-\-=LIBROS\discord_bot.py,path_name,payment_or_provider,0,REDACTED_PATH_VALUE
ROOT_WORKSPACE,C:\Users\L-Tyr\OneDrive\Escritorio\-=L.R.GONZALEZ=-\-=MEDIOEVO=-\-=LIBROS\discord_bot.py,content,assignment_secret,176,REDACTED_MATCH
ROOT_WORKSPACE,C:\Users\L-Tyr\OneDrive\Escritorio\-=L.R.GONZALEZ=-\-=MEDIOEVO=-\-=LIBROS\gumroad_api_fix.py,path_name,payment_or_provider,0,REDACTED_PATH_VALUE
ROOT_WORKSPACE,C:\Users\L-Tyr\OneDrive\Escritorio\-=L.R.GONZALEZ=-\-=MEDIOEVO=-\-=LIBROS\gumroad_audit.py,path_name,payment_or_provider,0,REDACTED_PATH_VALUE
ROOT_WORKSPACE,C:\Users\L-Tyr\OneDrive\Escritorio\-=L.R.GONZALEZ=-\-=MEDIOEVO=-\-=LIBROS\gumroad_debug.py,path_name,payment_or_provider,0,REDACTED_PATH_VALUE
ROOT_WORKSPACE,C:\Users\L-Tyr\OneDrive\Escritorio\-=L.R.GONZALEZ=-\-=MEDIOEVO=-\-=LIBROS\gumroad_fix_v3.py,path_name,payment_or_provider,0,REDACTED_PATH_VALUE
ROOT_WORKSPACE,C:\Users\L-Tyr\OneDrive\Escritorio\-=L.R.GONZALEZ=-\-=MEDIOEVO=-\-=LIBROS\gumroad_upload_all.py,path_name,payment_or_provider,0,REDACTED_PATH_VALUE
ROOT_WORKSPACE,C:\Users\L-Tyr\OneDrive\Escritorio\-=L.R.GONZALEZ=-\-=MEDIOEVO=-\-=LIBROS\gumroad_upload_files.py,path_name,payment_or_provider,0,REDACTED_PATH_VALUE
ROOT_WORKSPACE,C:\Users\L-Tyr\OneDrive\Escritorio\-=L.R.GONZALEZ=-\-=MEDIOEVO=-\-=LIBROS\send_email_philippe.py,content,assignment_secret,177,REDACTED_MATCH
ROOT_WORKSPACE,C:\Users\L-Tyr\OneDrive\Escritorio\-=L.R.GONZALEZ=-\-=MEDIOEVO=-\-=LIBROS\upload_youtube.py,path_name,payment_or_provider,0,REDACTED_PATH_VALUE
ROOT_WORKSPACE,C:\Users\L-Tyr\OneDrive\Escritorio\-=L.R.GONZALEZ=-\-=MEDIOEVO=-\-=LIBROS\upload_youtube_albums.py,path_name,payment_or_provider,0,REDACTED_PATH_VALUE
ROOT_WORKSPACE,C:\Users\L-Tyr\OneDrive\Escritorio\-=L.R.GONZALEZ=-\-=MEDIOEVO=-\-=LIBROS\upload_youtube_audiobooks.py,path_name,payment_or_provider,0,REDACTED_PATH_VALUE
ROOT_WORKSPACE,C:\Users\L-Tyr\OneDrive\Escritorio\-=L.R.GONZALEZ=-\-=MEDIOEVO=-\-=LIBROS\upload_youtube_playwright.py,path_name,payment_or_provider,0,REDACTED_PATH_VALUE
ROOT_WORKSPACE,C:\Users\L-Tyr\OneDrive\Escritorio\-=L.R.GONZALEZ=-\-=MEDIOEVO=-\-=LIBROS\youtube_album_uploads.json,path_name,payment_or_provider,0,REDACTED_PATH_VALUE
ROOT_WORKSPACE,C:\Users\L-Tyr\OneDrive\Escritorio\-=L.R.GONZALEZ=-\-=MEDIOEVO=-\-=LIBROS\youtube_metadata.json,path_name,payment_or_provider,0,REDACTED_PATH_VALUE
ROOT_WORKSPACE,C:\Users\L-Tyr\OneDrive\Escritorio\-=L.R.GONZALEZ=-\-=MEDIOEVO=-\-=LIBROS\youtube_uploads.json,path_name,payment_or_provider,0,REDACTED_PATH_VALUE
ROOT_WORKSPACE,C:\Users\L-Tyr\OneDrive\Escritorio\-=L.R.GONZALEZ=-\-=MEDIOEVO=-\-=LIBROS\youtube_upload_all.py,path_name,payment_or_provider,0,REDACTED_PATH_VALUE
ROOT_WORKSPACE,C:\Users\L-Tyr\OneDrive\Escritorio\-=L.R.GONZALEZ=-\-=MEDIOEVO=-\-=LIBROS\_gumroad_debug.json,path_name,payment_or_provider,0,REDACTED_PATH_VALUE
ROOT_WORKSPACE,C:\Users\L-Tyr\OneDrive\Escritorio\-=L.R.GONZALEZ=-\-=MEDIOEVO=-\-=LIBROS\-=CEREBRO=-\archive\ANALISIS1txt.txt,content,assignment_secret,713,REDACTED_MATCH
ROOT_WORKSPACE,C:\Users\L-Tyr\OneDrive\Escritorio\-=L.R.GONZALEZ=-\-=MEDIOEVO=-\-=LIBROS\-=CEREBRO=-\archive\Arquitectura de la Persistencia Sis.txt,content,assignment_secret,395,REDACTED_MATCH
ROOT_WORKSPACE,C:\Users\L-Tyr\OneDrive\Escritorio\-=L.R.GONZALEZ=-\-=MEDIOEVO=-\-=LIBROS\-=CEREBRO=-\archive\Arquitectura de la Persistencia Sis.txt,content,assignment_secret,398,REDACTED_MATCH
ROOT_WORKSPACE,C:\Users\L-Tyr\OneDrive\Escritorio\-=L.R.GONZALEZ=-\-=MEDIOEVO=-\-=LIBROS\-=CEREBRO=-\archive\Arquitectura de la Persistencia Sis.txt,content,assignment_secret,399,REDACTED_MATCH
ROOT_WORKSPACE,C:\Users\L-Tyr\OneDrive\Escritorio\-=L.R.GONZALEZ=-\-=MEDIOEVO=-\-=LIBROS\-=CEREBRO=-\archive\Arquitectura de la Persistencia Sis.txt,content,assignment_secret,400,REDACTED_MATCH
ROOT_WORKSPACE,C:\Users\L-Tyr\OneDrive\Escritorio\-=L.R.GONZALEZ=-\-=MEDIOEVO=-\-=LIBROS\-=CEREBRO=-\archive\Arquitectura de la Persistencia Sis.txt,content,assignment_secret,407,REDACTED_MATCH
ROOT_WORKSPACE,C:\Users\L-Tyr\OneDrive\Escritorio\-=L.R.GONZALEZ=-\-=MEDIOEVO=-\-=LIBROS\-=CEREBRO=-\archive\BRAIN OS.txt,content,assignment_secret,212,REDACTED_MATCH
ROOT_WORKSPACE,C:\Users\L-Tyr\OneDrive\Escritorio\-=L.R.GONZALEZ=-\-=MEDIOEVO=-\-=LIBROS\-=CEREBRO=-\archive\BRAIN OS.txt,content,assignment_secret,498,REDACTED_MATCH
ROOT_WORKSPACE,C:\Users\L-Tyr\OneDrive\Escritorio\-=L.R.GONZALEZ=-\-=MEDIOEVO=-\-=LIBROS\-=CEREBRO=-\archive\BRAIN OS.txt,content,assignment_secret,501,REDACTED_MATCH
ROOT_WORKSPACE,C:\Users\L-Tyr\OneDrive\Escritorio\-=L.R.GONZALEZ=-\-=MEDIOEVO=-\-=LIBROS\-=CEREBRO=-\archive\BRAIN OS.txt,content,assignment_secret,502,REDACTED_MATCH
ROOT_WORKSPACE,C:\Users\L-Tyr\OneDrive\Escritorio\-=L.R.GONZALEZ=-\-=MEDIOEVO=-\-=LIBROS\-=CEREBRO=-\archive\BRAIN OS.txt,content,assignment_secret,503,REDACTED_MATCH
ROOT_WORKSPACE,C:\Users\L-Tyr\OneDrive\Escritorio\-=L.R.GONZALEZ=-\-=MEDIOEVO=-\-=LIBROS\-=CEREBRO=-\archive\BRAIN OS.txt,content,assignment_secret,506,REDACTED_MATCH
ROOT_WORKSPACE,C:\Users\L-Tyr\OneDrive\Escritorio\-=L.R.GONZALEZ=-\-=MEDIOEVO=-\-=LIBROS\-=CEREBRO=-\archive\BRAIN OS.txt,content,assignment_secret,507,REDACTED_MATCH
ROOT_WORKSPACE,C:\Users\L-Tyr\OneDrive\Escritorio\-=L.R.GONZALEZ=-\-=MEDIOEVO=-\-=LIBROS\-=CEREBRO=-\archive\BRAIN OS.txt,content,assignment_secret,508,REDACTED_MATCH
ROOT_WORKSPACE,C:\Users\L-Tyr\OneDrive\Escritorio\-=L.R.GONZALEZ=-\-=MEDIOEVO=-\-=LIBROS\-=CEREBRO=-\archive\BRAIN OS.txt,content,assignment_secret,509,REDACTED_MATCH
ROOT_WORKSPACE,C:\Users\L-Tyr\OneDrive\Escritorio\-=L.R.GONZALEZ=-\-=MEDIOEVO=-\-=LIBROS\-=CEREBRO=-\archive\BRAIN OS.txt,content,assignment_secret,512,REDACTED_MATCH
ROOT_WORKSPACE,C:\Users\L-Tyr\OneDrive\Escritorio\-=L.R.GONZALEZ=-\-=MEDIOEVO=-\-=LIBROS\-=CEREBRO=-\archive\BRAIN OS.txt,content,assignment_secret,513,REDACTED_MATCH
ROOT_WORKSPACE,C:\Users\L-Tyr\OneDrive\Escritorio\-=L.R.GONZALEZ=-\-=MEDIOEVO=-\-=LIBROS\-=CEREBRO=-\archive\BRAIN OS.txt,content,assignment_secret,514,REDACTED_MATCH
ROOT_WORKSPACE,C:\Users\L-Tyr\OneDrive\Escritorio\-=L.R.GONZALEZ=-\-=MEDIOEVO=-\-=LIBROS\-=CEREBRO=-\archive\BRAIN OS.txt,content,assignment_secret,517,REDACTED_MATCH
ROOT_WORKSPACE,C:\Users\L-Tyr\OneDrive\Escritorio\-=L.R.GONZALEZ=-\-=MEDIOEVO=-\-=LIBROS\-=CEREBRO=-\archive\BRAIN OS.txt,content,assignment_secret,518,REDACTED_MATCH
ROOT_WORKSPACE,C:\Users\L-Tyr\OneDrive\Escritorio\-=L.R.GONZALEZ=-\-=MEDIOEVO=-\-=LIBROS\-=CEREBRO=-\archive\BRAIN OS.txt,content,assignment_secret,519,REDACTED_MATCH
ROOT_WORKSPACE,C:\Users\L-Tyr\OneDrive\Escritorio\-=L.R.GONZALEZ=-\-=MEDIOEVO=-\-=LIBROS\-=CEREBRO=-\archive\BRAIN OS.txt,content,assignment_secret,520,REDACTED_MATCH
ROOT_WORKSPACE,C:\Users\L-Tyr\OneDrive\Escritorio\-=L.R.GONZALEZ=-\-=MEDIOEVO=-\-=LIBROS\-=CEREBRO=-\archive\BRAIN OS.txt,content,assignment_secret,521,REDACTED_MATCH
ROOT_WORKSPACE,C:\Users\L-Tyr\OneDrive\Escritorio\-=L.R.GONZALEZ=-\-=MEDIOEVO=-\-=LIBROS\-=CEREBRO=-\archive\BRAIN OS.txt,content,assignment_secret,530,REDACTED_MATCH
ROOT_WORKSPACE,C:\Users\L-Tyr\OneDrive\Escritorio\-=L.R.GONZALEZ=-\-=MEDIOEVO=-\-=LIBROS\-=CEREBRO=-\archive\BRAIN OS.txt,content,assignment_secret,538,REDACTED_MATCH
ROOT_WORKSPACE,C:\Users\L-Tyr\OneDrive\Escritorio\-=L.R.GONZALEZ=-\-=MEDIOEVO=-\-=LIBROS\-=CEREBRO=-\archive\BRAIN OS.txt,content,assignment_secret,541,REDACTED_MATCH
ROOT_WORKSPACE,C:\Users\L-Tyr\OneDrive\Escritorio\-=L.R.GONZALEZ=-\-=MEDIOEVO=-\-=LIBROS\-=CEREBRO=-\archive\consegui mucha informacion util.txt,content,assignment_secret,2470,REDACTED_MATCH
ROOT_WORKSPACE,C:\Users\L-Tyr\OneDrive\Escritorio\-=L.R.GONZALEZ=-\-=MEDIOEVO=-\-=LIBROS\-=CEREBRO=-\archive\consegui mucha informacion util.txt,content,assignment_secret,2473,REDACTED_MATCH
ROOT_WORKSPACE,C:\Users\L-Tyr\OneDrive\Escritorio\-=L.R.GONZALEZ=-\-=MEDIOEVO=-\-=LIBROS\-=CEREBRO=-\archive\consegui mucha informacion util.txt,content,assignment_secret,2572,REDACTED_MATCH
ROOT_WORKSPACE,C:\Users\L-Tyr\OneDrive\Escritorio\-=L.R.GONZALEZ=-\-=MEDIOEVO=-\-=LIBROS\-=CEREBRO=-\archive\consegui mucha informacion util.txt,content,assignment_secret,2575,REDACTED_MATCH
ROOT_WORKSPACE,C:\Users\L-Tyr\OneDrive\Escritorio\-=L.R.GONZALEZ=-\-=MEDIOEVO=-\-=LIBROS\-=CEREBRO=-\archive\consegui mucha informacion util.txt,content,assignment_secret,2709,REDACTED_MATCH
ROOT_WORKSPACE,C:\Users\L-Tyr\OneDrive\Escritorio\-=L.R.GONZALEZ=-\-=MEDIOEVO=-\-=LIBROS\-=CEREBRO=-\archive\from pathlib import Path.txt,content,assignment_secret,302,REDACTED_MATCH
ROOT_WORKSPACE,C:\Users\L-Tyr\OneDrive\Escritorio\-=L.R.GONZALEZ=-\-=MEDIOEVO=-\-=LIBROS\-=CEREBRO=-\archive\from pathlib import Path.txt,content,assignment_secret,307,REDACTED_MATCH
ROOT_WORKSPACE,C:\Users\L-Tyr\OneDrive\Escritorio\-=L.R.GONZALEZ=-\-=MEDIOEVO=-\-=LIBROS\-=CEREBRO=-\archive\from pathlib import Path.txt,content,assignment_secret,350,REDACTED_MATCH
ROOT_WORKSPACE,C:\Users\L-Tyr\OneDrive\Escritorio\-=L.R.GONZALEZ=-\-=MEDIOEVO=-\-=LIBROS\-=CEREBRO=-\archive\from pathlib import Path.txt,content,assignment_secret,360,REDACTED_MATCH
ROOT_WORKSPACE,C:\Users\L-Tyr\OneDrive\Escritorio\-=L.R.GONZALEZ=-\-=MEDIOEVO=-\-=LIBROS\-=CEREBRO=-\archive\from pathlib import Path.txt,content,assignment_secret,398,REDACTED_MATCH
ROOT_WORKSPACE,C:\Users\L-Tyr\OneDrive\Escritorio\-=L.R.GONZALEZ=-\-=MEDIOEVO=-\-=LIBROS\-=CEREBRO=-\archive\from pathlib import Path.txt,content,assignment_secret,402,REDACTED_MATCH
ROOT_WORKSPACE,C:\Users\L-Tyr\OneDrive\Escritorio\-=L.R.GONZALEZ=-\-=MEDIOEVO=-\-=LIBROS\-=CEREBRO=-\archive\LCP.txt,content,assignment_secret,5,REDACTED_MATCH
ROOT_WORKSPACE,C:\Users\L-Tyr\OneDrive\Escritorio\-=L.R.GONZALEZ=-\-=MEDIOEVO=-\-=LIBROS\-=CEREBRO=-\archive\LCP.txt,content,assignment_secret,103,REDACTED_MATCH
ROOT_WORKSPACE,C:\Users\L-Tyr\OneDrive\Escritorio\-=L.R.GONZALEZ=-\-=MEDIOEVO=-\-=LIBROS\-=CEREBRO=-\archive\LCP.txt,content,assignment_secret,104,REDACTED_MATCH
ROOT_WORKSPACE,C:\Users\L-Tyr\OneDrive\Escritorio\-=L.R.GONZALEZ=-\-=MEDIOEVO=-\-=LIBROS\-=CEREBRO=-\archive\LCP.txt,content,assignment_secret,106,REDACTED_MATCH
ROOT_WORKSPACE,C:\Users\L-Tyr\OneDrive\Escritorio\-=L.R.GONZALEZ=-\-=MEDIOEVO=-\-=LIBROS\-=CEREBRO=-\archive\para revisar 2.txt,content,assignment_secret,2467,REDACTED_MATCH
ROOT_WORKSPACE,C:\Users\L-Tyr\OneDrive\Escritorio\-=L.R.GONZALEZ=-\-=MEDIOEVO=-\-=LIBROS\-=CEREBRO=-\archive\para revisar 2.txt,content,assignment_secret,2483,REDACTED_MATCH
ROOT_WORKSPACE,C:\Users\L-Tyr\OneDrive\Escritorio\-=L.R.GONZALEZ=-\-=MEDIOEVO=-\-=LIBROS\-=CEREBRO=-\archive\para revisar 2.txt,content,assignment_secret,2554,REDACTED_MATCH
ROOT_WORKSPACE,C:\Users\L-Tyr\OneDrive\Escritorio\-=L.R.GONZALEZ=-\-=MEDIOEVO=-\-=LIBROS\-=CEREBRO=-\archive\por revisar 1.txt,content,assignment_secret,797,REDACTED_MATCH
ROOT_WORKSPACE,C:\Users\L-Tyr\OneDrive\Escritorio\-=L.R.GONZALEZ=-\-=MEDIOEVO=-\-=LIBROS\-=CEREBRO=-\archive\por revisar 1.txt,content,assignment_secret,978,REDACTED_MATCH
ROOT_WORKSPACE,C:\Users\L-Tyr\OneDrive\Escritorio\-=L.R.GONZALEZ=-\-=MEDIOEVO=-\-=LIBROS\-=CEREBRO=-\archive\por revisar 1.txt,content,assignment_secret,1013,REDACTED_MATCH
ROOT_WORKSPACE,"C:\Users\L-Tyr\OneDrive\Escritorio\-=L.R.GONZALEZ=-\-=MEDIOEVO=-\-=LIBROS\-=CEREBRO=-\archive\Sí, es absolutamente posible y, de.txt",content,assignment_secret,1606,REDACTED_MATCH
ROOT_WORKSPACE,"C:\Users\L-Tyr\OneDrive\Escritorio\-=L.R.GONZALEZ=-\-=MEDIOEVO=-\-=LIBROS\-=CEREBRO=-\archive\Sí, es absolutamente posible y, de.txt",content,assignment_secret,1708,REDACTED_MATCH
ROOT_WORKSPACE,C:\Users\L-Tyr\OneDrive\Escritorio\-=L.R.GONZALEZ=-\-=MEDIOEVO=-\-=LIBROS\-=CEREBRO=-\archive\Untitled.txt,content,assignment_secret,157,REDACTED_MATCH
ROOT_WORKSPACE,C:\Users\L-Tyr\OneDrive\Escritorio\-=L.R.GONZALEZ=-\-=MEDIOEVO=-\-=LIBROS\-=CEREBRO=-\archive\Untitled.txt,content,assignment_secret,161,REDACTED_MATCH
ROOT_WORKSPACE,C:\Users\L-Tyr\OneDrive\Escritorio\-=L.R.GONZALEZ=-\-=MEDIOEVO=-\-=LIBROS\-=CEREBRO=-\archive\Untitled.txt,content,assignment_secret,167,REDACTED_MATCH
ROOT_WORKSPACE,C:\Users\L-Tyr\OneDrive\Escritorio\-=L.R.GONZALEZ=-\-=MEDIOEVO=-\-=LIBROS\-=CEREBRO=-\archive\Untitled.txt,content,assignment_secret,257,REDACTED_MATCH
ROOT_WORKSPACE,"C:\Users\L-Tyr\OneDrive\Escritorio\-=L.R.GONZALEZ=-\-=MEDIOEVO=-\-=LIBROS\-=CEREBRO=-\archive\-==-\Sí, es absolutamente posible y, de.txt",content,assignment_secret,1606,REDACTED_MATCH
ROOT_WORKSPACE,"C:\Users\L-Tyr\OneDrive\Escritorio\-=L.R.GONZALEZ=-\-=MEDIOEVO=-\-=LIBROS\-=CEREBRO=-\archive\-==-\Sí, es absolutamente posible y, de.txt",content,assignment_secret,1708,REDACTED_MATCH
ROOT_WORKSPACE,C:\Users\L-Tyr\OneDrive\Escritorio\-=L.R.GONZALEZ=-\-=MEDIOEVO=-\-=LIBROS\-=CEREBRO=-\archive\bu\banananana.txt,content,assignment_secret,10,REDACTED_MATCH
ROOT_WORKSPACE,C:\Users\L-Tyr\OneDrive\Escritorio\-=L.R.GONZALEZ=-\-=MEDIOEVO=-\-=LIBROS\-=CEREBRO=-\archive\bu\banananana.txt,content,bearer_token,39,REDACTED_MATCH
ROOT_WORKSPACE,C:\Users\L-Tyr\OneDrive\Escritorio\-=L.R.GONZALEZ=-\-=MEDIOEVO=-\-=LIBROS\-=CEREBRO=-\archive\bu\banananana.txt,content,assignment_secret,74,REDACTED_MATCH
ROOT_WORKSPACE,C:\Users\L-Tyr\OneDrive\Escritorio\-=L.R.GONZALEZ=-\-=MEDIOEVO=-\-=LIBROS\-=CEREBRO=-\archive\bu\banananana.txt,content,assignment_secret,107,REDACTED_MATCH
ROOT_WORKSPACE,C:\Users\L-Tyr\OneDrive\Escritorio\-=L.R.GONZALEZ=-\-=MEDIOEVO=-\-=LIBROS\-=CEREBRO=-\archive\bu\banananana.txt,content,assignment_secret,136,REDACTED_MATCH
ROOT_WORKSPACE,C:\Users\L-Tyr\OneDrive\Escritorio\-=L.R.GONZALEZ=-\-=MEDIOEVO=-\-=LIBROS\-=CEREBRO=-\archive\bu\banananana.txt,content,bearer_token,173,REDACTED_MATCH
ROOT_WORKSPACE,C:\Users\L-Tyr\OneDrive\Escritorio\-=L.R.GONZALEZ=-\-=MEDIOEVO=-\-=LIBROS\-=CEREBRO=-\archive\bu\banananana.txt,content,assignment_secret,203,REDACTED_MATCH
ROOT_WORKSPACE,C:\Users\L-Tyr\OneDrive\Escritorio\-=L.R.GONZALEZ=-\-=MEDIOEVO=-\-=LIBROS\-=CEREBRO=-\archive\bu\banananana.txt,content,assignment_secret,229,REDACTED_MATCH
ROOT_WORKSPACE,C:\Users\L-Tyr\OneDrive\Escritorio\-=L.R.GONZALEZ=-\-=MEDIOEVO=-\-=LIBROS\-=CEREBRO=-\archive\bu\Entendido. Aquí tienes el paquete c.txt,content,assignment_secret,1965,REDACTED_MATCH
ROOT_WORKSPACE,C:\Users\L-Tyr\OneDrive\Escritorio\-=L.R.GONZALEZ=-\-=MEDIOEVO=-\-=LIBROS\-=CEREBRO=-\archive\bu\Entendido. Aquí tienes el paquete c.txt,content,assignment_secret,1997,REDACTED_MATCH
ROOT_WORKSPACE,C:\Users\L-Tyr\OneDrive\Escritorio\-=L.R.GONZALEZ=-\-=MEDIOEVO=-\-=LIBROS\-=CEREBRO=-\archive\bu\ESTADO.txt,content,assignment_secret,151,REDACTED_MATCH
ROOT_WORKSPACE,C:\Users\L-Tyr\OneDrive\Escritorio\-=L.R.GONZALEZ=-\-=MEDIOEVO=-\-=LIBROS\-=CEREBRO=-\archive\bu\ESTADO.txt,content,assignment_secret,152,REDACTED_MATCH
ROOT_WORKSPACE,C:\Users\L-Tyr\OneDrive\Escritorio\-=L.R.GONZALEZ=-\-=MEDIOEVO=-\-=LIBROS\-=CEREBRO=-\archive\bu\ESTADO.txt,content,assignment_secret,153,REDACTED_MATCH
ROOT_WORKSPACE,C:\Users\L-Tyr\OneDrive\Escritorio\-=L.R.GONZALEZ=-\-=MEDIOEVO=-\-=LIBROS\-=CEREBRO=-\archive\bu\ESTADO.txt,content,assignment_secret,156,REDACTED_MATCH
ROOT_WORKSPACE,C:\Users\L-Tyr\OneDrive\Escritorio\-=L.R.GONZALEZ=-\-=MEDIOEVO=-\-=LIBROS\-=CEREBRO=-\archive\bu\ESTADO.txt,content,assignment_secret,157,REDACTED_MATCH
ROOT_WORKSPACE,C:\Users\L-Tyr\OneDrive\Escritorio\-=L.R.GONZALEZ=-\-=MEDIOEVO=-\-=LIBROS\-=CEREBRO=-\archive\bu\ESTADO.txt,content,assignment_secret,158,REDACTED_MATCH
ROOT_WORKSPACE,C:\Users\L-Tyr\OneDrive\Escritorio\-=L.R.GONZALEZ=-\-=MEDIOEVO=-\-=LIBROS\-=CEREBRO=-\archive\bu\Lei los 19 archivos del roadmap y t.txt,content,assignment_secret,30,REDACTED_MATCH
ROOT_WORKSPACE,C:\Users\L-Tyr\OneDrive\Escritorio\-=L.R.GONZALEZ=-\-=MEDIOEVO=-\-=LIBROS\-=CEREBRO=-\archive\bu\Lei los 19 archivos del roadmap y t.txt,content,assignment_secret,31,REDACTED_MATCH
ROOT_WORKSPACE,C:\Users\L-Tyr\OneDrive\Escritorio\-=L.R.GONZALEZ=-\-=MEDIOEVO=-\-=LIBROS\-=CEREBRO=-\archive\bu\Lei los 19 archivos del roadmap y t.txt,content,assignment_secret,32,REDACTED_MATCH
ROOT_WORKSPACE,C:\Users\L-Tyr\OneDrive\Escritorio\-=L.R.GONZALEZ=-\-=MEDIOEVO=-\-=LIBROS\-=CEREBRO=-\archive\bu\Lei los 19 archivos del roadmap y t.txt,content,assignment_secret,35,REDACTED_MATCH
ROOT_WORKSPACE,C:\Users\L-Tyr\OneDrive\Escritorio\-=L.R.GONZALEZ=-\-=MEDIOEVO=-\-=LIBROS\-=CEREBRO=-\archive\bu\Lei los 19 archivos del roadmap y t.txt,content,assignment_secret,36,REDACTED_MATCH
ROOT_WORKSPACE,C:\Users\L-Tyr\OneDrive\Escritorio\-=L.R.GONZALEZ=-\-=MEDIOEVO=-\-=LIBROS\-=CEREBRO=-\archive\bu\Lei los 19 archivos del roadmap y t.txt,content,assignment_secret,37,REDACTED_MATCH
ROOT_WORKSPACE,C:\Users\L-Tyr\OneDrive\Escritorio\-=L.R.GONZALEZ=-\-=MEDIOEVO=-\-=LIBROS\-=CEREBRO=-\archive\bu\medioevo_sensory_ai.py,content,assignment_secret,511,REDACTED_MATCH
ROOT_WORKSPACE,C:\Users\L-Tyr\OneDrive\Escritorio\-=L.R.GONZALEZ=-\-=MEDIOEVO=-\-=LIBROS\-=CEREBRO=-\archive\bu\NOMBRE02.txt,content,assignment_secret,3247,REDACTED_MATCH
ROOT_WORKSPACE,C:\Users\L-Tyr\OneDrive\Escritorio\-=L.R.GONZALEZ=-\-=MEDIOEVO=-\-=LIBROS\-=CEREBRO=-\archive\bu\NOMBRE02.txt,content,assignment_secret,3695,REDACTED_MATCH
ROOT_WORKSPACE,C:\Users\L-Tyr\OneDrive\Escritorio\-=L.R.GONZALEZ=-\-=MEDIOEVO=-\-=LIBROS\-=CEREBRO=-\archive\bu\Perfect — incluyo también un `env.e.txt,content,assignment_secret,1368,REDACTED_MATCH
ROOT_WORKSPACE,"C:\Users\L-Tyr\OneDrive\Escritorio\-=L.R.GONZALEZ=-\-=MEDIOEVO=-\-=LIBROS\-=CEREBRO=-\archive\bu\Sí, es absolutamente posible y, de.txt",content,assignment_secret,1606,REDACTED_MATCH
ROOT_WORKSPACE,"C:\Users\L-Tyr\OneDrive\Escritorio\-=L.R.GONZALEZ=-\-=MEDIOEVO=-\-=LIBROS\-=CEREBRO=-\archive\bu\Sí, es absolutamente posible y, de.txt",content,assignment_secret,1708,REDACTED_MATCH
ROOT_WORKSPACE,C:\Users\L-Tyr\OneDrive\Escritorio\-=L.R.GONZALEZ=-\-=MEDIOEVO=-\-=LIBROS\-=CEREBRO=-\archive\bu\The Solution deploy_overlord.shThis.txt,content,assignment_secret,87,REDACTED_MATCH
ROOT_WORKSPACE,C:\Users\L-Tyr\OneDrive\Escritorio\-=L.R.GONZALEZ=-\-=MEDIOEVO=-\-=LIBROS\-=CEREBRO=-\archive\bu\vs vertex 2.txt,content,assignment_secret,301,REDACTED_MATCH
ROOT_WORKSPACE,C:\Users\L-Tyr\OneDrive\Escritorio\-=L.R.GONZALEZ=-\-=MEDIOEVO=-\-=LIBROS\-=CEREBRO=-\archive\bu\ython.txt,content,assignment_secret,3373,REDACTED_MATCH
ROOT_WORKSPACE,C:\Users\L-Tyr\OneDrive\Escritorio\-=L.R.GONZALEZ=-\-=MEDIOEVO=-\-=LIBROS\-=CEREBRO=-\archive\extra_psi_pre_final_v1_1\OTROS INSIGHTS DE OBSERVACIONISMO.txt,content,assignment_secret,387,REDACTED_MATCH
ROOT_WORKSPACE,C:\Users\L-Tyr\OneDrive\Escritorio\-=L.R.GONZALEZ=-\-=MEDIOEVO=-\-=LIBROS\-=CEREBRO=-\archive\extra_psi_pre_final_v1_1\OTROS INSIGHTS DE OBSERVACIONISMO.txt,content,assignment_secret,390,REDACTED_MATCH
ROOT_WORKSPACE,C:\Users\L-Tyr\OneDrive\Escritorio\-=L.R.GONZALEZ=-\-=MEDIOEVO=-\-=LIBROS\-=CEREBRO=-\archive\extra_psi_pre_final_v1_1\OTROS INSIGHTS DE OBSERVACIONISMO.txt,content,assignment_secret,413,REDACTED_MATCH
ROOT_WORKSPACE,C:\Users\L-Tyr\OneDrive\Escritorio\-=L.R.GONZALEZ=-\-=MEDIOEVO=-\-=LIBROS\-=CEREBRO=-\archive\extra_psi_pre_final_v1_1\OTROS INSIGHTS DE OBSERVACIONISMO.txt,content,assignment_secret,416,REDACTED_MATCH
ROOT_WORKSPACE,C:\Users\L-Tyr\OneDrive\Escritorio\-=L.R.GONZALEZ=-\-=MEDIOEVO=-\-=LIBROS\-=CEREBRO=-\archive\extra_psi_pre_final_v1_1\OTROS INSIGHTS DE OBSERVACIONISMO.txt,content,assignment_secret,425,REDACTED_MATCH
ROOT_WORKSPACE,C:\Users\L-Tyr\OneDrive\Escritorio\-=L.R.GONZALEZ=-\-=MEDIOEVO=-\-=LIBROS\-=CEREBRO=-\archive\extra_psi_pre_final_v1_1\OTROS INSIGHTS DE OBSERVACIONISMO.txt,content,assignment_secret,436,REDACTED_MATCH
ROOT_WORKSPACE,C:\Users\L-Tyr\OneDrive\Escritorio\-=L.R.GONZALEZ=-\-=MEDIOEVO=-\-=LIBROS\-=CEREBRO=-\archive\extra_psi_pre_final_v1_1\OTROS INSIGHTS DE OBSERVACIONISMO.txt,content,assignment_secret,439,REDACTED_MATCH
ROOT_WORKSPACE,C:\Users\L-Tyr\OneDrive\Escritorio\-=L.R.GONZALEZ=-\-=MEDIOEVO=-\-=LIBROS\-=CEREBRO=-\archive\futuro\security\secrets_scan.py,path_name,secret_name,0,REDACTED_PATH_VALUE
ROOT_WORKSPACE,C:\Users\L-Tyr\OneDrive\Escritorio\-=L.R.GONZALEZ=-\-=MEDIOEVO=-\-=LIBROS\-=CEREBRO=-\archive\GEODIA\_github_staging\safe-exec\safe-exec\examples\example_openai.py,path_name,payment_or_provider,0,REDACTED_PATH_VALUE
ROOT_WORKSPACE,C:\Users\L-Tyr\OneDrive\Escritorio\-=L.R.GONZALEZ=-\-=MEDIOEVO=-\-=LIBROS\-=CEREBRO=-\archive\_MANIFIESTOS\ORDEN_MINIMO_CANON.md,path_name,payment_or_provider,0,REDACTED_PATH_VALUE
ROOT_WORKSPACE,C:\Users\L-Tyr\OneDrive\Escritorio\-=L.R.GONZALEZ=-\-=MEDIOEVO=-\-=LIBROS\claudio\.env,path_name,env_file,0,REDACTED_PATH_VALUE
ROOT_WORKSPACE,C:\Users\L-Tyr\OneDrive\Escritorio\-=L.R.GONZALEZ=-\-=MEDIOEVO=-\-=LIBROS\claudio\.env,content,assignment_secret,23,REDACTED_MATCH
ROOT_WORKSPACE,C:\Users\L-Tyr\OneDrive\Escritorio\-=L.R.GONZALEZ=-\-=MEDIOEVO=-\-=LIBROS\claudio\.env.example,path_name,env_file,0,REDACTED_PATH_VALUE
ROOT_WORKSPACE,C:\Users\L-Tyr\OneDrive\Escritorio\-=L.R.GONZALEZ=-\-=MEDIOEVO=-\-=LIBROS\claudio\.env.gumroad,path_name,env_file,0,REDACTED_PATH_VALUE
ROOT_WORKSPACE,C:\Users\L-Tyr\OneDrive\Escritorio\-=L.R.GONZALEZ=-\-=MEDIOEVO=-\-=LIBROS\claudio\.env.gumroad,path_name,payment_or_provider,0,REDACTED_PATH_VALUE
ROOT_WORKSPACE,C:\Users\L-Tyr\OneDrive\Escritorio\-=L.R.GONZALEZ=-\-=MEDIOEVO=-\-=LIBROS\claudio\.env.mova.example,path_name,env_file,0,REDACTED_PATH_VALUE
ROOT_WORKSPACE,C:\Users\L-Tyr\OneDrive\Escritorio\-=L.R.GONZALEZ=-\-=MEDIOEVO=-\-=LIBROS\claudio\claudio_secrets.json,path_name,secret_name,0,REDACTED_PATH_VALUE
ROOT_WORKSPACE,C:\Users\L-Tyr\OneDrive\Escritorio\-=L.R.GONZALEZ=-\-=MEDIOEVO=-\-=LIBROS\claudio\claudio_secrets.json,content,openai_like_key,5,REDACTED_MATCH
ROOT_WORKSPACE,C:\Users\L-Tyr\OneDrive\Escritorio\-=L.R.GONZALEZ=-\-=MEDIOEVO=-\-=LIBROS\claudio\claudio_secrets.json,content,github_like_token,7,REDACTED_MATCH
ROOT_WORKSPACE,C:\Users\L-Tyr\OneDrive\Escritorio\-=L.R.GONZALEZ=-\-=MEDIOEVO=-\-=LIBROS\claudio\claudio_tv_token.json,path_name,secret_name,0,REDACTED_PATH_VALUE
ROOT_WORKSPACE,C:\Users\L-Tyr\OneDrive\Escritorio\-=L.R.GONZALEZ=-\-=MEDIOEVO=-\-=LIBROS\claudio\generate_gumroad_covers.py,path_name,payment_or_provider,0,REDACTED_PATH_VALUE
ROOT_WORKSPACE,C:\Users\L-Tyr\OneDrive\Escritorio\-=L.R.GONZALEZ=-\-=MEDIOEVO=-\-=LIBROS\claudio\gumroad_api.json,path_name,payment_or_provider,0,REDACTED_PATH_VALUE
ROOT_WORKSPACE,C:\Users\L-Tyr\OneDrive\Escritorio\-=L.R.GONZALEZ=-\-=MEDIOEVO=-\-=LIBROS\claudio\gumroad_products.json,path_name,payment_or_provider,0,REDACTED_PATH_VALUE
ROOT_WORKSPACE,C:\Users\L-Tyr\OneDrive\Escritorio\-=L.R.GONZALEZ=-\-=MEDIOEVO=-\-=LIBROS\claudio\gumroad_verificar.py,path_name,payment_or_provider,0,REDACTED_PATH_VALUE
ROOT_WORKSPACE,C:\Users\L-Tyr\OneDrive\Escritorio\-=L.R.GONZALEZ=-\-=MEDIOEVO=-\-=LIBROS\claudio\gumroad_verificar.py,content,assignment_secret,68,REDACTED_MATCH
ROOT_WORKSPACE,C:\Users\L-Tyr\OneDrive\Escritorio\-=L.R.GONZALEZ=-\-=MEDIOEVO=-\-=LIBROS\claudio\publish_gumroad_6plus1.py,path_name,payment_or_provider,0,REDACTED_PATH_VALUE
ROOT_WORKSPACE,C:\Users\L-Tyr\OneDrive\Escritorio\-=L.R.GONZALEZ=-\-=MEDIOEVO=-\-=LIBROS\claudio\setup_gumroad.py,path_name,payment_or_provider,0,REDACTED_PATH_VALUE
ROOT_WORKSPACE,C:\Users\L-Tyr\OneDrive\Escritorio\-=L.R.GONZALEZ=-\-=MEDIOEVO=-\-=LIBROS\claudio\update_gumroad_listings.py,path_name,payment_or_provider,0,REDACTED_PATH_VALUE
ROOT_WORKSPACE,C:\Users\L-Tyr\OneDrive\Escritorio\-=L.R.GONZALEZ=-\-=MEDIOEVO=-\-=LIBROS\claudio\WORKFLOW.symphony.md,content,assignment_secret,4,REDACTED_MATCH
ROOT_WORKSPACE,C:\Users\L-Tyr\OneDrive\Escritorio\-=L.R.GONZALEZ=-\-=MEDIOEVO=-\-=LIBROS\claudio\youtube_descriptions.json,path_name,payment_or_provider,0,REDACTED_PATH_VALUE
ROOT_WORKSPACE,C:\Users\L-Tyr\OneDrive\Escritorio\-=L.R.GONZALEZ=-\-=MEDIOEVO=-\-=LIBROS\claudio\.agents\skills\claudio-gumroad\SKILL.md,path_name,payment_or_provider,0,REDACTED_PATH_VALUE
ROOT_WORKSPACE,C:\Users\L-Tyr\OneDrive\Escritorio\-=L.R.GONZALEZ=-\-=MEDIOEVO=-\-=LIBROS\claudio\api\integration_3t.py,content,assignment_secret,93,REDACTED_MATCH
ROOT_WORKSPACE,C:\Users\L-Tyr\OneDrive\Escritorio\-=L.R.GONZALEZ=-\-=MEDIOEVO=-\-=LIBROS\claudio\api\integration_3t.py,content,assignment_secret,134,REDACTED_MATCH
ROOT_WORKSPACE,C:\Users\L-Tyr\OneDrive\Escritorio\-=L.R.GONZALEZ=-\-=MEDIOEVO=-\-=LIBROS\claudio\api\integration_3t.py,content,assignment_secret,155,REDACTED_MATCH
ROOT_WORKSPACE,C:\Users\L-Tyr\OneDrive\Escritorio\-=L.R.GONZALEZ=-\-=MEDIOEVO=-\-=LIBROS\claudio\apps\editorial_web\llms.txt,content,assignment_secret,27,REDACTED_MATCH
ROOT_WORKSPACE,C:\Users\L-Tyr\OneDrive\Escritorio\-=L.R.GONZALEZ=-\-=MEDIOEVO=-\-=LIBROS\claudio\apps\editorial_web\medioevo-auth.js,content,assignment_secret,647,REDACTED_MATCH
ROOT_WORKSPACE,C:\Users\L-Tyr\OneDrive\Escritorio\-=L.R.GONZALEZ=-\-=MEDIOEVO=-\-=LIBROS\claudio\apps\editorial_web\medioevo-auth.js,content,assignment_secret,708,REDACTED_MATCH
ROOT_WORKSPACE,C:\Users\L-Tyr\OneDrive\Escritorio\-=L.R.GONZALEZ=-\-=MEDIOEVO=-\-=LIBROS\claudio\apps\editorial_web\medioevo-auth.js,content,assignment_secret,734,REDACTED_MATCH
ROOT_WORKSPACE,C:\Users\L-Tyr\OneDrive\Escritorio\-=L.R.GONZALEZ=-\-=MEDIOEVO=-\-=LIBROS\claudio\apps\editorial_web\medioevo.bundle.js,content,assignment_secret,1896,REDACTED_MATCH
ROOT_WORKSPACE,C:\Users\L-Tyr\OneDrive\Escritorio\-=L.R.GONZALEZ=-\-=MEDIOEVO=-\-=LIBROS\claudio\apps\editorial_web\medioevo.bundle.js,content,assignment_secret,1957,REDACTED_MATCH
ROOT_WORKSPACE,C:\Users\L-Tyr\OneDrive\Escritorio\-=L.R.GONZALEZ=-\-=MEDIOEVO=-\-=LIBROS\claudio\apps\editorial_web\medioevo.bundle.js,content,assignment_secret,1983,REDACTED_MATCH
ROOT_WORKSPACE,C:\Users\L-Tyr\OneDrive\Escritorio\-=L.R.GONZALEZ=-\-=MEDIOEVO=-\-=LIBROS\claudio\apps\editorial_web\medioevo.bundle.js,content,assignment_secret,32304,REDACTED_MATCH
ROOT_WORKSPACE,C:\Users\L-Tyr\OneDrive\Escritorio\-=L.R.GONZALEZ=-\-=MEDIOEVO=-\-=LIBROS\claudio\apps\editorial_web\public.js,content,assignment_secret,315,REDACTED_MATCH
ROOT_WORKSPACE,C:\Users\L-Tyr\OneDrive\Escritorio\-=L.R.GONZALEZ=-\-=MEDIOEVO=-\-=LIBROS\claudio\apps\editorial_web\stripe-store.js,path_name,payment_or_provider,0,REDACTED_PATH_VALUE
ROOT_WORKSPACE,C:\Users\L-Tyr\OneDrive\Escritorio\-=L.R.GONZALEZ=-\-=MEDIOEVO=-\-=LIBROS\claudio\apps\editorial_web\functions\api\gumroad\webhook.js,path_name,payment_or_provider,0,REDACTED_PATH_VALUE
ROOT_WORKSPACE,C:\Users\L-Tyr\OneDrive\Escritorio\-=L.R.GONZALEZ=-\-=MEDIOEVO=-\-=LIBROS\claudio\apps\editorial_web\img\maps\map_plano_astral_archivo_onirico_secreto.jpg,path_name,secret_name,0,REDACTED_PATH_VALUE
ROOT_WORKSPACE,C:\Users\L-Tyr\OneDrive\Escritorio\-=L.R.GONZALEZ=-\-=MEDIOEVO=-\-=LIBROS\claudio\apps\editorial_web\img\maps\map_plano_astral_archivo_onirico_secreto.webp,path_name,secret_name,0,REDACTED_PATH_VALUE
ROOT_WORKSPACE,C:\Users\L-Tyr\OneDrive\Escritorio\-=L.R.GONZALEZ=-\-=MEDIOEVO=-\-=LIBROS\claudio\apps\editorial_web\website-assets\public.js,content,assignment_secret,260,REDACTED_MATCH
ROOT_WORKSPACE,C:\Users\L-Tyr\OneDrive\Escritorio\-=L.R.GONZALEZ=-\-=MEDIOEVO=-\-=LIBROS\claudio\arte\animacion\cycles.py,path_name,payment_or_provider,0,REDACTED_PATH_VALUE
ROOT_WORKSPACE,C:\Users\L-Tyr\OneDrive\Escritorio\-=L.R.GONZALEZ=-\-=MEDIOEVO=-\-=LIBROS\claudio\arte\animacion\easing.py,path_name,payment_or_provider,0,REDACTED_PATH_VALUE
ROOT_WORKSPACE,C:\Users\L-Tyr\OneDrive\Escritorio\-=L.R.GONZALEZ=-\-=MEDIOEVO=-\-=LIBROS\claudio\arte\animacion\pose.py,path_name,payment_or_provider,0,REDACTED_PATH_VALUE
ROOT_WORKSPACE,C:\Users\L-Tyr\OneDrive\Escritorio\-=L.R.GONZALEZ=-\-=MEDIOEVO=-\-=LIBROS\claudio\arte\animacion\timing.py,path_name,payment_or_provider,0,REDACTED_PATH_VALUE
ROOT_WORKSPACE,C:\Users\L-Tyr\OneDrive\Escritorio\-=L.R.GONZALEZ=-\-=MEDIOEVO=-\-=LIBROS\claudio\arte\animacion\__init__.py,path_name,payment_or_provider,0,REDACTED_PATH_VALUE
ROOT_WORKSPACE,C:\Users\L-Tyr\OneDrive\Escritorio\-=L.R.GONZALEZ=-\-=MEDIOEVO=-\-=LIBROS\claudio\arte\core\style_tokens.py,path_name,secret_name,0,REDACTED_PATH_VALUE
ROOT_WORKSPACE,C:\Users\L-Tyr\OneDrive\Escritorio\-=L.R.GONZALEZ=-\-=MEDIOEVO=-\-=LIBROS\claudio\arte\core\style_tokens.py,content,assignment_secret,127,REDACTED_MATCH
ROOT_WORKSPACE,C:\Users\L-Tyr\OneDrive\Escritorio\-=L.R.GONZALEZ=-\-=MEDIOEVO=-\-=LIBROS\claudio\arte\core\style_tokens.py,content,assignment_secret,153,REDACTED_MATCH
ROOT_WORKSPACE,C:\Users\L-Tyr\OneDrive\Escritorio\-=L.R.GONZALEZ=-\-=MEDIOEVO=-\-=LIBROS\claudio\autopilot\.env,path_name,env_file,0,REDACTED_PATH_VALUE
ROOT_WORKSPACE,C:\Users\L-Tyr\OneDrive\Escritorio\-=L.R.GONZALEZ=-\-=MEDIOEVO=-\-=LIBROS\claudio\autopilot\.env.example,path_name,env_file,0,REDACTED_PATH_VALUE
ROOT_WORKSPACE,C:\Users\L-Tyr\OneDrive\Escritorio\-=L.R.GONZALEZ=-\-=MEDIOEVO=-\-=LIBROS\claudio\autopilot\CONFIGURACION_COMPLETADA_20260411.md,content,assignment_secret,19,REDACTED_MATCH
ROOT_WORKSPACE,C:\Users\L-Tyr\OneDrive\Escritorio\-=L.R.GONZALEZ=-\-=MEDIOEVO=-\-=LIBROS\claudio\beta\discord_message.txt,path_name,payment_or_provider,0,REDACTED_PATH_VALUE
ROOT_WORKSPACE,C:\Users\L-Tyr\OneDrive\Escritorio\-=L.R.GONZALEZ=-\-=MEDIOEVO=-\-=LIBROS\claudio\bomberos\runbooks\secret_leak.md,path_name,secret_name,0,REDACTED_PATH_VALUE
ROOT_WORKSPACE,C:\Users\L-Tyr\OneDrive\Escritorio\-=L.R.GONZALEZ=-\-=MEDIOEVO=-\-=LIBROS\claudio\brain_os\beta\DISCORD_MESSAGE.md,path_name,payment_or_provider,0,REDACTED_PATH_VALUE
ROOT_WORKSPACE,C:\Users\L-Tyr\OneDrive\Escritorio\-=L.R.GONZALEZ=-\-=MEDIOEVO=-\-=LIBROS\claudio\Claudio_Accesos_Directos\12_Gumroad_Check.bat,path_name,payment_or_provider,0,REDACTED_PATH_VALUE
ROOT_WORKSPACE,C:\Users\L-Tyr\OneDrive\Escritorio\-=L.R.GONZALEZ=-\-=MEDIOEVO=-\-=LIBROS\claudio\claudio_os\wizard\steps.py,content,assignment_secret,148,REDACTED_MATCH
ROOT_WORKSPACE,C:\Users\L-Tyr\OneDrive\Escritorio\-=L.R.GONZALEZ=-\-=MEDIOEVO=-\-=LIBROS\claudio\claudio_os\wizard\steps.py,content,assignment_secret,160,REDACTED_MATCH
ROOT_WORKSPACE,C:\Users\L-Tyr\OneDrive\Escritorio\-=L.R.GONZALEZ=-\-=MEDIOEVO=-\-=LIBROS\claudio\codex\docs\MEDIOEVO_AI_CONTEXT_GATEWAY.md,content,assignment_secret,22,REDACTED_MATCH
ROOT_WORKSPACE,C:\Users\L-Tyr\OneDrive\Escritorio\-=L.R.GONZALEZ=-\-=MEDIOEVO=-\-=LIBROS\claudio\codex\lab_offensive\data\wordlists\default_passwords.txt,path_name,secret_name,0,REDACTED_PATH_VALUE
ROOT_WORKSPACE,C:\Users\L-Tyr\OneDrive\Escritorio\-=L.R.GONZALEZ=-\-=MEDIOEVO=-\-=LIBROS\claudio\codex\scripts\fetch_medioevo_ai_context.py,content,assignment_secret,31,REDACTED_MATCH
ROOT_WORKSPACE,C:\Users\L-Tyr\OneDrive\Escritorio\-=L.R.GONZALEZ=-\-=MEDIOEVO=-\-=LIBROS\claudio\codex\src\local_ollama_desktop\ads_trackers_audit.py,content,assignment_secret,106,REDACTED_MATCH
ROOT_WORKSPACE,C:\Users\L-Tyr\OneDrive\Escritorio\-=L.R.GONZALEZ=-\-=MEDIOEVO=-\-=LIBROS\claudio\codex\src\local_ollama_desktop\ads_trackers_audit.py,content,assignment_secret,162,REDACTED_MATCH
ROOT_WORKSPACE,C:\Users\L-Tyr\OneDrive\Escritorio\-=L.R.GONZALEZ=-\-=MEDIOEVO=-\-=LIBROS\claudio\codex\src\local_ollama_desktop\ads_trackers_audit.py,content,assignment_secret,248,REDACTED_MATCH
ROOT_WORKSPACE,C:\Users\L-Tyr\OneDrive\Escritorio\-=L.R.GONZALEZ=-\-=MEDIOEVO=-\-=LIBROS\claudio\codex\src\local_ollama_desktop\ads_trackers_audit.py,content,assignment_secret,261,REDACTED_MATCH
ROOT_WORKSPACE,C:\Users\L-Tyr\OneDrive\Escritorio\-=L.R.GONZALEZ=-\-=MEDIOEVO=-\-=LIBROS\claudio\codex\src\local_ollama_desktop\controller.py,content,assignment_secret,202,REDACTED_MATCH
ROOT_WORKSPACE,C:\Users\L-Tyr\OneDrive\Escritorio\-=L.R.GONZALEZ=-\-=MEDIOEVO=-\-=LIBROS\claudio\codex\src\local_ollama_desktop\controller.py,content,assignment_secret,203,REDACTED_MATCH
ROOT_WORKSPACE,C:\Users\L-Tyr\OneDrive\Escritorio\-=L.R.GONZALEZ=-\-=MEDIOEVO=-\-=LIBROS\claudio\codex\src\local_ollama_desktop\controller.py,content,assignment_secret,404,REDACTED_MATCH
ROOT_WORKSPACE,C:\Users\L-Tyr\OneDrive\Escritorio\-=L.R.GONZALEZ=-\-=MEDIOEVO=-\-=LIBROS\claudio\codex\src\local_ollama_desktop\controller.py,content,assignment_secret,405,REDACTED_MATCH
ROOT_WORKSPACE,C:\Users\L-Tyr\OneDrive\Escritorio\-=L.R.GONZALEZ=-\-=MEDIOEVO=-\-=LIBROS\claudio\commercial\GUMROAD_PRODUCTS_READY.md,path_name,payment_or_provider,0,REDACTED_PATH_VALUE
ROOT_WORKSPACE,C:\Users\L-Tyr\OneDrive\Escritorio\-=L.R.GONZALEZ=-\-=MEDIOEVO=-\-=LIBROS\claudio\commercial\gumroad_upload_ready.md,path_name,payment_or_provider,0,REDACTED_PATH_VALUE
ROOT_WORKSPACE,C:\Users\L-Tyr\OneDrive\Escritorio\-=L.R.GONZALEZ=-\-=MEDIOEVO=-\-=LIBROS\claudio\core\deepseek_client.py,content,assignment_secret,35,REDACTED_MATCH
ROOT_WORKSPACE,C:\Users\L-Tyr\OneDrive\Escritorio\-=L.R.GONZALEZ=-\-=MEDIOEVO=-\-=LIBROS\claudio\core\deepseek_client.py,content,assignment_secret,42,REDACTED_MATCH
ROOT_WORKSPACE,C:\Users\L-Tyr\OneDrive\Escritorio\-=L.R.GONZALEZ=-\-=MEDIOEVO=-\-=LIBROS\claudio\core\embeddings.py,content,assignment_secret,81,REDACTED_MATCH
ROOT_WORKSPACE,C:\Users\L-Tyr\OneDrive\Escritorio\-=L.R.GONZALEZ=-\-=MEDIOEVO=-\-=LIBROS\claudio\core\gemini_client.py,content,assignment_secret,12,REDACTED_MATCH
ROOT_WORKSPACE,C:\Users\L-Tyr\OneDrive\Escritorio\-=L.R.GONZALEZ=-\-=MEDIOEVO=-\-=LIBROS\claudio\core\gemini_client.py,content,assignment_secret,58,REDACTED_MATCH
ROOT_WORKSPACE,C:\Users\L-Tyr\OneDrive\Escritorio\-=L.R.GONZALEZ=-\-=MEDIOEVO=-\-=LIBROS\claudio\core\gemini_client.py,content,assignment_secret,84,REDACTED_MATCH
ROOT_WORKSPACE,C:\Users\L-Tyr\OneDrive\Escritorio\-=L.R.GONZALEZ=-\-=MEDIOEVO=-\-=LIBROS\claudio\core\gemini_client.py,content,assignment_secret,86,REDACTED_MATCH
ROOT_WORKSPACE,C:\Users\L-Tyr\OneDrive\Escritorio\-=L.R.GONZALEZ=-\-=MEDIOEVO=-\-=LIBROS\claudio\core\gemini_client.py,content,assignment_secret,224,REDACTED_MATCH
ROOT_WORKSPACE,C:\Users\L-Tyr\OneDrive\Escritorio\-=L.R.GONZALEZ=-\-=MEDIOEVO=-\-=LIBROS\claudio\core\gemini_client.py,content,assignment_secret,237,REDACTED_MATCH
ROOT_WORKSPACE,C:\Users\L-Tyr\OneDrive\Escritorio\-=L.R.GONZALEZ=-\-=MEDIOEVO=-\-=LIBROS\claudio\core\gemini_client.py,content,assignment_secret,250,REDACTED_MATCH
ROOT_WORKSPACE,C:\Users\L-Tyr\OneDrive\Escritorio\-=L.R.GONZALEZ=-\-=MEDIOEVO=-\-=LIBROS\claudio\core\marketing_apis.py,content,assignment_secret,170,REDACTED_MATCH
ROOT_WORKSPACE,C:\Users\L-Tyr\OneDrive\Escritorio\-=L.R.GONZALEZ=-\-=MEDIOEVO=-\-=LIBROS\claudio\core\provider_hub.py,content,assignment_secret,518,REDACTED_MATCH
ROOT_WORKSPACE,C:\Users\L-Tyr\OneDrive\Escritorio\-=L.R.GONZALEZ=-\-=MEDIOEVO=-\-=LIBROS\claudio\core\qwen_client.py,path_name,payment_or_provider,0,REDACTED_PATH_VALUE
ROOT_WORKSPACE,C:\Users\L-Tyr\OneDrive\Escritorio\-=L.R.GONZALEZ=-\-=MEDIOEVO=-\-=LIBROS\claudio\core\qwen_client.py,content,assignment_secret,119,REDACTED_MATCH
ROOT_WORKSPACE,C:\Users\L-Tyr\OneDrive\Escritorio\-=L.R.GONZALEZ=-\-=MEDIOEVO=-\-=LIBROS\claudio\core\qwen_client.py,content,assignment_secret,138,REDACTED_MATCH
ROOT_WORKSPACE,C:\Users\L-Tyr\OneDrive\Escritorio\-=L.R.GONZALEZ=-\-=MEDIOEVO=-\-=LIBROS\claudio\core\qwen_observacion_engine.py,path_name,payment_or_provider,0,REDACTED_PATH_VALUE
ROOT_WORKSPACE,C:\Users\L-Tyr\OneDrive\Escritorio\-=L.R.GONZALEZ=-\-=MEDIOEVO=-\-=LIBROS\claudio\core\sadtalker\src\facerender\animate.py,path_name,payment_or_provider,0,REDACTED_PATH_VALUE
ROOT_WORKSPACE,C:\Users\L-Tyr\OneDrive\Escritorio\-=L.R.GONZALEZ=-\-=MEDIOEVO=-\-=LIBROS\claudio\core\sadtalker\src\facerender\modules\make_animation.py,path_name,payment_or_provider,0,REDACTED_PATH_VALUE
ROOT_WORKSPACE,C:\Users\L-Tyr\OneDrive\Escritorio\-=L.R.GONZALEZ=-\-=MEDIOEVO=-\-=LIBROS\claudio\core\wav2lip\README.md,content,assignment_secret,36,REDACTED_MATCH
ROOT_WORKSPACE,C:\Users\L-Tyr\OneDrive\Escritorio\-=L.R.GONZALEZ=-\-=MEDIOEVO=-\-=LIBROS\claudio\core\wav2lip\README.md,content,assignment_secret,110,REDACTED_MATCH
ROOT_WORKSPACE,C:\Users\L-Tyr\OneDrive\Escritorio\-=L.R.GONZALEZ=-\-=MEDIOEVO=-\-=LIBROS\claudio\datasets\qwen_observacion_candidates.jsonl,path_name,payment_or_provider,0,REDACTED_PATH_VALUE
ROOT_WORKSPACE,C:\Users\L-Tyr\OneDrive\Escritorio\-=L.R.GONZALEZ=-\-=MEDIOEVO=-\-=LIBROS\claudio\datasets\qwen_observacion_eval_cases.jsonl,path_name,payment_or_provider,0,REDACTED_PATH_VALUE
ROOT_WORKSPACE,C:\Users\L-Tyr\OneDrive\Escritorio\-=L.R.GONZALEZ=-\-=MEDIOEVO=-\-=LIBROS\claudio\datasets\qwen_observacion_reviewed_preferences.jsonl,path_name,payment_or_provider,0,REDACTED_PATH_VALUE
ROOT_WORKSPACE,C:\Users\L-Tyr\OneDrive\Escritorio\-=L.R.GONZALEZ=-\-=MEDIOEVO=-\-=LIBROS\claudio\datasets\qwen_observacion_seed_preferences.jsonl,path_name,payment_or_provider,0,REDACTED_PATH_VALUE
ROOT_WORKSPACE,C:\Users\L-Tyr\OneDrive\Escritorio\-=L.R.GONZALEZ=-\-=MEDIOEVO=-\-=LIBROS\claudio\docs\CLAUDIO_QWEN_OBSERVACION_ENGINEERING_V2_2026-05-05.md,path_name,payment_or_provider,0,REDACTED_PATH_VALUE
ROOT_WORKSPACE,C:\Users\L-Tyr\OneDrive\Escritorio\-=L.R.GONZALEZ=-\-=MEDIOEVO=-\-=LIBROS\claudio\docs\CLOUDFLARE_CREDENTIAL_FALLBACK_2026-05-03.md,path_name,secret_name,0,REDACTED_PATH_VALUE
ROOT_WORKSPACE,C:\Users\L-Tyr\OneDrive\Escritorio\-=L.R.GONZALEZ=-\-=MEDIOEVO=-\-=LIBROS\claudio\docs\GUMROAD_CLAUDIO_BRAIN_OS_PUBLISH_2026-05-02.md,path_name,payment_or_provider,0,REDACTED_PATH_VALUE
ROOT_WORKSPACE,C:\Users\L-Tyr\OneDrive\Escritorio\-=L.R.GONZALEZ=-\-=MEDIOEVO=-\-=LIBROS\claudio\docs\GUMROAD_PUBLISH_GUIDE.md,path_name,payment_or_provider,0,REDACTED_PATH_VALUE
ROOT_WORKSPACE,C:\Users\L-Tyr\OneDrive\Escritorio\-=L.R.GONZALEZ=-\-=MEDIOEVO=-\-=LIBROS\claudio\docs\ORDEN_MINIMO_RUNTIME.md,path_name,payment_or_provider,0,REDACTED_PATH_VALUE
ROOT_WORKSPACE,C:\Users\L-Tyr\OneDrive\Escritorio\-=L.R.GONZALEZ=-\-=MEDIOEVO=-\-=LIBROS\claudio\docs\QWEN_OBSERVACIONISTA_ENGINE_2026-05-05.md,path_name,payment_or_provider,0,REDACTED_PATH_VALUE
ROOT_WORKSPACE,C:\Users\L-Tyr\OneDrive\Escritorio\-=L.R.GONZALEZ=-\-=MEDIOEVO=-\-=LIBROS\claudio\docs\README_GUMROAD.md,path_name,payment_or_provider,0,REDACTED_PATH_VALUE
ROOT_WORKSPACE,C:\Users\L-Tyr\OneDrive\Escritorio\-=L.R.GONZALEZ=-\-=MEDIOEVO=-\-=LIBROS\claudio\docs\WAVE_FC_PRIVATE_SERVER_2026-04-29.md,content,assignment_secret,143,REDACTED_MATCH
ROOT_WORKSPACE,C:\Users\L-Tyr\OneDrive\Escritorio\-=L.R.GONZALEZ=-\-=MEDIOEVO=-\-=LIBROS\claudio\docs\WAVE_FC_PRIVATE_SERVER_2026-04-29.md,content,assignment_secret,149,REDACTED_MATCH
ROOT_WORKSPACE,C:\Users\L-Tyr\OneDrive\Escritorio\-=L.R.GONZALEZ=-\-=MEDIOEVO=-\-=LIBROS\claudio\docs\memoria_viva\fichas\modelos-qwen-gemma-kimi-nvidia.md,path_name,payment_or_provider,0,REDACTED_PATH_VALUE
ROOT_WORKSPACE,C:\Users\L-Tyr\OneDrive\Escritorio\-=L.R.GONZALEZ=-\-=MEDIOEVO=-\-=LIBROS\claudio\docs\root_notes_review\CLAUDIO_APIS_MAESTRO.md,content,openai_like_key,11,REDACTED_MATCH
ROOT_WORKSPACE,C:\Users\L-Tyr\OneDrive\Escritorio\-=L.R.GONZALEZ=-\-=MEDIOEVO=-\-=LIBROS\claudio\docs\root_notes_review\CLAUDIO_APIS_MAESTRO.md,content,github_like_token,25,REDACTED_MATCH
ROOT_WORKSPACE,C:\Users\L-Tyr\OneDrive\Escritorio\-=L.R.GONZALEZ=-\-=MEDIOEVO=-\-=LIBROS\claudio\docs\root_notes_review\CLAUDIO_APIS_MAESTRO.md,content,assignment_secret,33,REDACTED_MATCH
ROOT_WORKSPACE,C:\Users\L-Tyr\OneDrive\Escritorio\-=L.R.GONZALEZ=-\-=MEDIOEVO=-\-=LIBROS\claudio\docs\root_notes_review\CLAUDIO_APIS_MAESTRO.md,content,assignment_secret,55,REDACTED_MATCH
ROOT_WORKSPACE,C:\Users\L-Tyr\OneDrive\Escritorio\-=L.R.GONZALEZ=-\-=MEDIOEVO=-\-=LIBROS\claudio\docs\root_notes_review\CLAUDIO_APIS_MAESTRO.md,content,assignment_secret,56,REDACTED_MATCH
ROOT_WORKSPACE,C:\Users\L-Tyr\OneDrive\Escritorio\-=L.R.GONZALEZ=-\-=MEDIOEVO=-\-=LIBROS\claudio\docs\root_notes_review\CLAUDIO_APIS_MAESTRO.md,content,assignment_secret,57,REDACTED_MATCH
ROOT_WORKSPACE,C:\Users\L-Tyr\OneDrive\Escritorio\-=L.R.GONZALEZ=-\-=MEDIOEVO=-\-=LIBROS\claudio\docs\root_notes_review\CLAUDIO_APIS_MAESTRO.md,content,assignment_secret,59,REDACTED_MATCH
ROOT_WORKSPACE,C:\Users\L-Tyr\OneDrive\Escritorio\-=L.R.GONZALEZ=-\-=MEDIOEVO=-\-=LIBROS\claudio\docs\root_notes_review\CLAUDIO_APIS_MAESTRO.md,content,assignment_secret,66,REDACTED_MATCH
ROOT_WORKSPACE,C:\Users\L-Tyr\OneDrive\Escritorio\-=L.R.GONZALEZ=-\-=MEDIOEVO=-\-=LIBROS\claudio\docs\root_notes_review\CLAUDIO_APIS_MAESTRO.md,content,assignment_secret,68,REDACTED_MATCH
ROOT_WORKSPACE,C:\Users\L-Tyr\OneDrive\Escritorio\-=L.R.GONZALEZ=-\-=MEDIOEVO=-\-=LIBROS\claudio\docs\root_notes_review\CLAUDIO_APIS_MAESTRO.md,content,assignment_secret,76,REDACTED_MATCH
ROOT_WORKSPACE,C:\Users\L-Tyr\OneDrive\Escritorio\-=L.R.GONZALEZ=-\-=MEDIOEVO=-\-=LIBROS\claudio\docs\root_notes_review\CLAUDIO_APIS_MAESTRO.md,content,assignment_secret,85,REDACTED_MATCH
ROOT_WORKSPACE,C:\Users\L-Tyr\OneDrive\Escritorio\-=L.R.GONZALEZ=-\-=MEDIOEVO=-\-=LIBROS\claudio\docs\root_notes_review\CLAUDIO_APIS_MAESTRO.md,content,assignment_secret,96,REDACTED_MATCH
ROOT_WORKSPACE,C:\Users\L-Tyr\OneDrive\Escritorio\-=L.R.GONZALEZ=-\-=MEDIOEVO=-\-=LIBROS\claudio\docs\root_notes_review\POSTHOG_ANALYTICS_SETUP.md,content,assignment_secret,185,REDACTED_MATCH
ROOT_WORKSPACE,C:\Users\L-Tyr\OneDrive\Escritorio\-=L.R.GONZALEZ=-\-=MEDIOEVO=-\-=LIBROS\claudio\docs\root_notes_review\WORKFLOW.symphony.wide.md,content,assignment_secret,4,REDACTED_MATCH
ROOT_WORKSPACE,C:\Users\L-Tyr\OneDrive\Escritorio\-=L.R.GONZALEZ=-\-=MEDIOEVO=-\-=LIBROS\claudio\llm\greedy_decoder.py,content,assignment_secret,99,REDACTED_MATCH
ROOT_DESKTOP,C:\Users\L-Tyr\OneDrive\Escritorio\Adelantar_pendientes_con_Qwen_LOCAL.bat,path_name,payment_or_provider,0,REDACTED_PATH_VALUE
ROOT_DESKTOP,C:\Users\L-Tyr\OneDrive\Escritorio\agentes\_archivo_escritorio_2026-04-28\_ESCRITORIO_ORDEN_2026-04-28\archivado_visible\carpetas\MEDIOEVO_10_LIBROS_EDICION_ILUSTRADA_2026-04-23\_paquetes_gumroad\01 - Despertar - EDICION ILUSTRADA.zip,path_name,payment_or_provider,0,REDACTED_PATH_VALUE
ROOT_DESKTOP,C:\Users\L-Tyr\OneDrive\Escritorio\agentes\_archivo_escritorio_2026-04-28\_ESCRITORIO_ORDEN_2026-04-28\archivado_visible\carpetas\MEDIOEVO_10_LIBROS_EDICION_ILUSTRADA_2026-04-23\_paquetes_gumroad\02 - Deriva - EDICION ILUSTRADA.zip,path_name,payment_or_provider,0,REDACTED_PATH_VALUE
ROOT_DESKTOP,C:\Users\L-Tyr\OneDrive\Escritorio\agentes\_archivo_escritorio_2026-04-28\_ESCRITORIO_ORDEN_2026-04-28\archivado_visible\carpetas\MEDIOEVO_10_LIBROS_EDICION_ILUSTRADA_2026-04-23\_paquetes_gumroad\03 - Fragmentos - EDICION ILUSTRADA.zip,path_name,payment_or_provider,0,REDACTED_PATH_VALUE
ROOT_DESKTOP,C:\Users\L-Tyr\OneDrive\Escritorio\agentes\_archivo_escritorio_2026-04-28\_ESCRITORIO_ORDEN_2026-04-28\archivado_visible\carpetas\MEDIOEVO_10_LIBROS_EDICION_ILUSTRADA_2026-04-23\_paquetes_gumroad\04 - Calibración - EDICION ILUSTRADA.zip,path_name,payment_or_provider,0,REDACTED_PATH_VALUE
ROOT_DESKTOP,C:\Users\L-Tyr\OneDrive\Escritorio\agentes\_archivo_escritorio_2026-04-28\_ESCRITORIO_ORDEN_2026-04-28\archivado_visible\carpetas\MEDIOEVO_10_LIBROS_EDICION_ILUSTRADA_2026-04-23\_paquetes_gumroad\05 - Transición - EDICION ILUSTRADA.zip,path_name,payment_or_provider,0,REDACTED_PATH_VALUE
ROOT_DESKTOP,C:\Users\L-Tyr\OneDrive\Escritorio\agentes\_archivo_escritorio_2026-04-28\_ESCRITORIO_ORDEN_2026-04-28\archivado_visible\carpetas\MEDIOEVO_10_LIBROS_EDICION_ILUSTRADA_2026-04-23\_paquetes_gumroad\06 - Umbral - EDICION ILUSTRADA.zip,path_name,payment_or_provider,0,REDACTED_PATH_VALUE
ROOT_DESKTOP,"C:\Users\L-Tyr\OneDrive\Escritorio\agentes\_archivo_escritorio_2026-04-28\_ESCRITORIO_ORDEN_2026-04-28\archivado_visible\carpetas\MEDIOEVO_10_LIBROS_EDICION_ILUSTRADA_2026-04-23\_paquetes_gumroad\07 - Nosotros, Ustedes, Los Otros - EDICION ILUSTRADA.zip",path_name,payment_or_provider,0,REDACTED_PATH_VALUE
ROOT_DESKTOP,C:\Users\L-Tyr\OneDrive\Escritorio\agentes\_archivo_escritorio_2026-04-28\_ESCRITORIO_ORDEN_2026-04-28\archivado_visible\carpetas\MEDIOEVO_10_LIBROS_EDICION_ILUSTRADA_2026-04-23\_paquetes_gumroad\08 - VOYNICH + Observar Para Sobrevivir - EDICION ILUSTRADA.zip,path_name,payment_or_provider,0,REDACTED_PATH_VALUE
ROOT_DESKTOP,C:\Users\L-Tyr\OneDrive\Escritorio\agentes\_archivo_escritorio_2026-04-28\_ESCRITORIO_ORDEN_2026-04-28\archivado_visible\carpetas\MEDIOEVO_10_LIBROS_EDICION_ILUSTRADA_2026-04-23\_paquetes_gumroad\09 - Antología MEDIOEVO - EDICION ILUSTRADA.zip,path_name,payment_or_provider,0,REDACTED_PATH_VALUE
ROOT_DESKTOP,C:\Users\L-Tyr\OneDrive\Escritorio\agentes\_archivo_escritorio_2026-04-28\_ESCRITORIO_ORDEN_2026-04-28\archivado_visible\carpetas\MEDIOEVO_10_LIBROS_EDICION_ILUSTRADA_2026-04-23\_paquetes_gumroad\10 - Historias Ocultas - EDICION ILUSTRADA.zip,path_name,payment_or_provider,0,REDACTED_PATH_VALUE
ROOT_DESKTOP,C:\Users\L-Tyr\OneDrive\Escritorio\agentes\_canon\observacionismo_minimo.md,path_name,payment_or_provider,0,REDACTED_PATH_VALUE
ROOT_E,E:\MEDIOEVO\sesiones\.medioevo_bmac_session\Default\Network\Trust Tokens,path_name,secret_name,0,REDACTED_PATH_VALUE
ROOT_E,E:\MEDIOEVO\sesiones\.medioevo_bmac_session\Default\Network\Trust Tokens-journal,path_name,secret_name,0,REDACTED_PATH_VALUE
ROOT_E,E:\MEDIOEVO\sesiones\.medioevo_d2d_session\Default\Network\Trust Tokens,path_name,secret_name,0,REDACTED_PATH_VALUE
ROOT_E,E:\MEDIOEVO\sesiones\.medioevo_d2d_session\Default\Network\Trust Tokens-journal,path_name,secret_name,0,REDACTED_PATH_VALUE
ROOT_E,E:\MEDIOEVO\sesiones\.medioevo_elevenlabs_session\Default\Network\Trust Tokens-journal,path_name,secret_name,0,REDACTED_PATH_VALUE
ROOT_E,E:\MEDIOEVO\sesiones\.medioevo_elevenlabs_session\Default\Network\Trust Tokens,path_name,secret_name,0,REDACTED_PATH_VALUE
ROOT_E,E:\MEDIOEVO\sesiones\.medioevo_gumroad_session\CrashpadMetrics-active.pma,path_name,payment_or_provider,0,REDACTED_PATH_VALUE
ROOT_E,E:\MEDIOEVO\sesiones\.medioevo_gumroad_session\first_party_sets.db,path_name,payment_or_provider,0,REDACTED_PATH_VALUE
ROOT_E,E:\MEDIOEVO\sesiones\.medioevo_gumroad_session\FirstLaunchAfterInstallation,path_name,payment_or_provider,0,REDACTED_PATH_VALUE
ROOT_E,E:\MEDIOEVO\sesiones\.medioevo_gumroad_session\Variations,path_name,payment_or_provider,0,REDACTED_PATH_VALUE
ROOT_E,E:\MEDIOEVO\sesiones\.medioevo_gumroad_session\Local State,path_name,payment_or_provider,0,REDACTED_PATH_VALUE
ROOT_E,E:\MEDIOEVO\sesiones\.medioevo_gumroad_session\first_party_sets.db-journal,path_name,payment_or_provider,0,REDACTED_PATH_VALUE
ROOT_E,E:\MEDIOEVO\sesiones\.medioevo_gumroad_session\Last Version,path_name,payment_or_provider,0,REDACTED_PATH_VALUE
ROOT_E,E:\MEDIOEVO\sesiones\.medioevo_gumroad_session\Last Browser,path_name,payment_or_provider,0,REDACTED_PATH_VALUE
ROOT_E,E:\MEDIOEVO\sesiones\.medioevo_gumroad_session\extensions_crx_cache\metadata.json,path_name,payment_or_provider,0,REDACTED_PATH_VALUE
ROOT_E,E:\MEDIOEVO\sesiones\.medioevo_gumroad_session\segmentation_platform\ukm_db-wal,path_name,payment_or_provider,0,REDACTED_PATH_VALUE
ROOT_E,E:\MEDIOEVO\sesiones\.medioevo_gumroad_session\segmentation_platform\ukm_db,path_name,payment_or_provider,0,REDACTED_PATH_VALUE
ROOT_E,E:\MEDIOEVO\sesiones\.medioevo_gumroad_session\SmartScreen\local\uriCache_,path_name,payment_or_provider,0,REDACTED_PATH_VALUE
ROOT_E,E:\MEDIOEVO\sesiones\.medioevo_gumroad_session\SmartScreen\local\downloadCache_,path_name,payment_or_provider,0,REDACTED_PATH_VALUE
ROOT_E,E:\MEDIOEVO\sesiones\.medioevo_gumroad_session\SmartScreen\local\downloadCache,path_name,payment_or_provider,0,REDACTED_PATH_VALUE
ROOT_E,E:\MEDIOEVO\sesiones\.medioevo_gumroad_session\SmartScreen\local\uriCache,path_name,payment_or_provider,0,REDACTED_PATH_VALUE
ROOT_E,E:\MEDIOEVO\sesiones\.medioevo_gumroad_session\SmartScreen\RemoteData\customSettings_F95BA787499AB4FA9EFFF472CE383A14,path_name,payment_or_provider,0,REDACTED_PATH_VALUE
ROOT_E,E:\MEDIOEVO\sesiones\.medioevo_gumroad_session\SmartScreen\RemoteData\customSettings,path_name,payment_or_provider,0,REDACTED_PATH_VALUE
ROOT_E,E:\MEDIOEVO\sesiones\.medioevo_gumroad_session\SmartScreen\RemoteData\topTraffic,path_name,payment_or_provider,0,REDACTED_PATH_VALUE
ROOT_E,E:\MEDIOEVO\sesiones\.medioevo_gumroad_session\SmartScreen\RemoteData\edgeSettings,path_name,payment_or_provider,0,REDACTED_PATH_VALUE
ROOT_E,E:\MEDIOEVO\sesiones\.medioevo_gumroad_session\SmartScreen\RemoteData\topTraffic_638004170464094982,path_name,payment_or_provider,0,REDACTED_PATH_VALUE
ROOT_E,E:\MEDIOEVO\sesiones\.medioevo_gumroad_session\SmartScreen\RemoteData\edgeSettings_2.0-a82cb2897a8bf9445d68dcc2be05af89ad4b2fda1fddb2952693be7cd5353ad3,path_name,payment_or_provider,0,REDACTED_PATH_VALUE
ROOT_E,E:\MEDIOEVO\sesiones\.medioevo_gumroad_session\Nurturing\campaign_history-journal,path_name,payment_or_provider,0,REDACTED_PATH_VALUE
ROOT_E,E:\MEDIOEVO\sesiones\.medioevo_gumroad_session\Nurturing\campaign_history,path_name,payment_or_provider,0,REDACTED_PATH_VALUE
ROOT_E,E:\MEDIOEVO\sesiones\.medioevo_gumroad_session\BrowserMetrics\BrowserMetrics-69B39C98-8528.pma,path_name,payment_or_provider,0,REDACTED_PATH_VALUE
ROOT_E,E:\MEDIOEVO\sesiones\.medioevo_gumroad_session\BrowserMetrics\BrowserMetrics-69B39C98-8528.pma,content_skipped,file_too_large_for_content_scan,0,NO_CONTENT_READ
ROOT_E,E:\MEDIOEVO\sesiones\.medioevo_gumroad_session\BrowserMetrics\BrowserMetrics-69B39BEC-8430.pma,path_name,payment_or_provider,0,REDACTED_PATH_VALUE
ROOT_E,E:\MEDIOEVO\sesiones\.medioevo_gumroad_session\BrowserMetrics\BrowserMetrics-69B39BEC-8430.pma,content_skipped,file_too_large_for_content_scan,0,NO_CONTENT_READ
ROOT_E,E:\MEDIOEVO\sesiones\.medioevo_gumroad_session\Crashpad\metadata,path_name,payment_or_provider,0,REDACTED_PATH_VALUE
ROOT_E,E:\MEDIOEVO\sesiones\.medioevo_gumroad_session\Crashpad\throttle_store.dat,path_name,payment_or_provider,0,REDACTED_PATH_VALUE
ROOT_E,E:\MEDIOEVO\sesiones\.medioevo_gumroad_session\Crashpad\settings.dat,path_name,payment_or_provider,0,REDACTED_PATH_VALUE
ROOT_E,E:\MEDIOEVO\sesiones\.medioevo_gumroad_session\Crashpad\reports\e6e0b6a8-205e-4272-a5f5-543663c6cfb5.dmp,path_name,payment_or_provider,0,REDACTED_PATH_VALUE
ROOT_E,E:\MEDIOEVO\sesiones\.medioevo_gumroad_session\Crashpad\reports\43ea1ed0-37d1-446a-9223-c3796b63fb91.dmp,path_name,payment_or_provider,0,REDACTED_PATH_VALUE
ROOT_E,E:\MEDIOEVO\sesiones\.medioevo_gumroad_session\Crashpad\reports\b7d27018-536e-4209-8e14-41f0482b582e.dmp,path_name,payment_or_provider,0,REDACTED_PATH_VALUE
ROOT_E,E:\MEDIOEVO\sesiones\.medioevo_gumroad_session\GrShaderCache\data_3,path_name,payment_or_provider,0,REDACTED_PATH_VALUE
ROOT_E,E:\MEDIOEVO\sesiones\.medioevo_gumroad_session\GrShaderCache\data_3,content_skipped,file_too_large_for_content_scan,0,NO_CONTENT_READ
ROOT_E,E:\MEDIOEVO\sesiones\.medioevo_gumroad_session\GrShaderCache\data_2,path_name,payment_or_provider,0,REDACTED_PATH_VALUE
ROOT_E,E:\MEDIOEVO\sesiones\.medioevo_gumroad_session\GrShaderCache\index,path_name,payment_or_provider,0,REDACTED_PATH_VALUE
ROOT_E,E:\MEDIOEVO\sesiones\.medioevo_gumroad_session\GrShaderCache\data_0,path_name,payment_or_provider,0,REDACTED_PATH_VALUE
ROOT_E,E:\MEDIOEVO\sesiones\.medioevo_gumroad_session\GrShaderCache\data_1,path_name,payment_or_provider,0,REDACTED_PATH_VALUE
ROOT_E,E:\MEDIOEVO\sesiones\.medioevo_gumroad_session\GraphiteDawnCache\data_3,path_name,payment_or_provider,0,REDACTED_PATH_VALUE
ROOT_E,E:\MEDIOEVO\sesiones\.medioevo_gumroad_session\GraphiteDawnCache\data_1,path_name,payment_or_provider,0,REDACTED_PATH_VALUE
ROOT_E,E:\MEDIOEVO\sesiones\.medioevo_gumroad_session\GraphiteDawnCache\index,path_name,payment_or_provider,0,REDACTED_PATH_VALUE
ROOT_E,E:\MEDIOEVO\sesiones\.medioevo_gumroad_session\GraphiteDawnCache\data_2,path_name,payment_or_provider,0,REDACTED_PATH_VALUE
ROOT_E,E:\MEDIOEVO\sesiones\.medioevo_gumroad_session\GraphiteDawnCache\data_0,path_name,payment_or_provider,0,REDACTED_PATH_VALUE
ROOT_E,E:\MEDIOEVO\sesiones\.medioevo_gumroad_session\component_crx_cache\metadata.json,path_name,payment_or_provider,0,REDACTED_PATH_VALUE
ROOT_E,E:\MEDIOEVO\sesiones\.medioevo_gumroad_session\ShaderCache\data_0,path_name,payment_or_provider,0,REDACTED_PATH_VALUE
ROOT_E,E:\MEDIOEVO\sesiones\.medioevo_gumroad_session\ShaderCache\index,path_name,payment_or_provider,0,REDACTED_PATH_VALUE
ROOT_E,E:\MEDIOEVO\sesiones\.medioevo_gumroad_session\ShaderCache\data_2,path_name,payment_or_provider,0,REDACTED_PATH_VALUE
ROOT_E,E:\MEDIOEVO\sesiones\.medioevo_gumroad_session\ShaderCache\data_3,path_name,payment_or_provider,0,REDACTED_PATH_VALUE
ROOT_E,E:\MEDIOEVO\sesiones\.medioevo_gumroad_session\ShaderCache\data_1,path_name,payment_or_provider,0,REDACTED_PATH_VALUE
ROOT_E,E:\MEDIOEVO\sesiones\.medioevo_gumroad_session\Default\heavy_ad_intervention_opt_out.db-journal,path_name,payment_or_provider,0,REDACTED_PATH_VALUE
ROOT_E,E:\MEDIOEVO\sesiones\.medioevo_gumroad_session\Default\Shortcuts,path_name,payment_or_provider,0,REDACTED_PATH_VALUE
ROOT_E,E:\MEDIOEVO\sesiones\.medioevo_gumroad_session\Default\Shortcuts-journal,path_name,payment_or_provider,0,REDACTED_PATH_VALUE
ROOT_E,E:\MEDIOEVO\sesiones\.medioevo_gumroad_session\Default\Network Action Predictor,path_name,payment_or_provider,0,REDACTED_PATH_VALUE
ROOT_E,E:\MEDIOEVO\sesiones\.medioevo_gumroad_session\Default\Network Action Predictor-journal,path_name,payment_or_provider,0,REDACTED_PATH_VALUE
ROOT_E,E:\MEDIOEVO\sesiones\.medioevo_gumroad_session\Default\DIPS,path_name,payment_or_provider,0,REDACTED_PATH_VALUE
ROOT_E,E:\MEDIOEVO\sesiones\.medioevo_gumroad_session\Default\PreferredApps,path_name,payment_or_provider,0,REDACTED_PATH_VALUE
ROOT_E,E:\MEDIOEVO\sesiones\.medioevo_gumroad_session\Default\DIPS-wal,path_name,payment_or_provider,0,REDACTED_PATH_VALUE
ROOT_E,E:\MEDIOEVO\sesiones\.medioevo_gumroad_session\Default\Preferences,path_name,payment_or_provider,0,REDACTED_PATH_VALUE
ROOT_E,E:\MEDIOEVO\sesiones\.medioevo_gumroad_session\Default\Affiliation Database,path_name,payment_or_provider,0,REDACTED_PATH_VALUE
ROOT_E,E:\MEDIOEVO\sesiones\.medioevo_gumroad_session\Default\trusted_vault.pb,path_name,payment_or_provider,0,REDACTED_PATH_VALUE
ROOT_E,E:\MEDIOEVO\sesiones\.medioevo_gumroad_session\Default\LOG,path_name,payment_or_provider,0,REDACTED_PATH_VALUE
ROOT_E,E:\MEDIOEVO\sesiones\.medioevo_gumroad_session\Default\LOCK,path_name,payment_or_provider,0,REDACTED_PATH_VALUE
ROOT_E,E:\MEDIOEVO\sesiones\.medioevo_gumroad_session\Default\HubApps Icons,path_name,payment_or_provider,0,REDACTED_PATH_VALUE
ROOT_E,E:\MEDIOEVO\sesiones\.medioevo_gumroad_session\Default\HubApps Icons-journal,path_name,payment_or_provider,0,REDACTED_PATH_VALUE
ROOT_E,E:\MEDIOEVO\sesiones\.medioevo_gumroad_session\Default\load_statistics.db,path_name,payment_or_provider,0,REDACTED_PATH_VALUE
ROOT_E,E:\MEDIOEVO\sesiones\.medioevo_gumroad_session\Default\ExtensionActivityEdge,path_name,payment_or_provider,0,REDACTED_PATH_VALUE
ROOT_E,E:\MEDIOEVO\sesiones\.medioevo_gumroad_session\Default\BookmarkMergedSurfaceOrdering,path_name,payment_or_provider,0,REDACTED_PATH_VALUE
ROOT_E,E:\MEDIOEVO\sesiones\.medioevo_gumroad_session\Default\README,path_name,payment_or_provider,0,REDACTED_PATH_VALUE
ROOT_E,E:\MEDIOEVO\sesiones\.medioevo_gumroad_session\Default\Vpn Tokens-journal,path_name,secret_name,0,REDACTED_PATH_VALUE
ROOT_E,E:\MEDIOEVO\sesiones\.medioevo_gumroad_session\Default\Vpn Tokens-journal,path_name,payment_or_provider,0,REDACTED_PATH_VALUE
ROOT_E,E:\MEDIOEVO\sesiones\.medioevo_gumroad_session\Default\arbitration_service_config.json,path_name,payment_or_provider,0,REDACTED_PATH_VALUE
ROOT_E,E:\MEDIOEVO\sesiones\.medioevo_gumroad_session\Default\ExtensionActivityComp,path_name,payment_or_provider,0,REDACTED_PATH_VALUE
ROOT_E,E:\MEDIOEVO\sesiones\.medioevo_gumroad_session\Default\heavy_ad_intervention_opt_out.db,path_name,payment_or_provider,0,REDACTED_PATH_VALUE
ROOT_E,E:\MEDIOEVO\sesiones\.medioevo_gumroad_session\Default\Login Data-journal,path_name,payment_or_provider,0,REDACTED_PATH_VALUE
ROOT_E,E:\MEDIOEVO\sesiones\.medioevo_gumroad_session\Default\Secure Preferences,path_name,payment_or_provider,0,REDACTED_PATH_VALUE
ROOT_E,E:\MEDIOEVO\sesiones\.medioevo_gumroad_session\Default\Top Sites,path_name,payment_or_provider,0,REDACTED_PATH_VALUE
ROOT_E,E:\MEDIOEVO\sesiones\.medioevo_gumroad_session\Default\LOG.old,path_name,payment_or_provider,0,REDACTED_PATH_VALUE
ROOT_E,E:\MEDIOEVO\sesiones\.medioevo_gumroad_session\Default\ServerCertificate,path_name,payment_or_provider,0,REDACTED_PATH_VALUE
ROOT_E,E:\MEDIOEVO\sesiones\.medioevo_gumroad_session\Default\History-journal,path_name,payment_or_provider,0,REDACTED_PATH_VALUE
ROOT_E,E:\MEDIOEVO\sesiones\.medioevo_gumroad_session\Default\ServerCertificate-journal,path_name,payment_or_provider,0,REDACTED_PATH_VALUE
ROOT_E,E:\MEDIOEVO\sesiones\.medioevo_gumroad_session\Default\History,path_name,payment_or_provider,0,REDACTED_PATH_VALUE
ROOT_E,E:\MEDIOEVO\sesiones\.medioevo_gumroad_session\Default\Top Sites-journal,path_name,payment_or_provider,0,REDACTED_PATH_VALUE
ROOT_E,E:\MEDIOEVO\sesiones\.medioevo_gumroad_session\Default\Vpn Tokens,path_name,secret_name,0,REDACTED_PATH_VALUE
ROOT_E,E:\MEDIOEVO\sesiones\.medioevo_gumroad_session\Default\Vpn Tokens,path_name,payment_or_provider,0,REDACTED_PATH_VALUE
ROOT_E,E:\MEDIOEVO\sesiones\.medioevo_gumroad_session\Default\Web Data,path_name,payment_or_provider,0,REDACTED_PATH_VALUE
ROOT_E,E:\MEDIOEVO\sesiones\.medioevo_gumroad_session\Default\Web Data-journal,path_name,payment_or_provider,0,REDACTED_PATH_VALUE
ROOT_E,E:\MEDIOEVO\sesiones\.medioevo_gumroad_session\Default\Login Data For Account,path_name,payment_or_provider,0,REDACTED_PATH_VALUE
ROOT_E,E:\MEDIOEVO\sesiones\.medioevo_gumroad_session\Default\Account Web Data,path_name,payment_or_provider,0,REDACTED_PATH_VALUE
ROOT_E,E:\MEDIOEVO\sesiones\.medioevo_gumroad_session\Default\Affiliation Database-journal,path_name,payment_or_provider,0,REDACTED_PATH_VALUE
ROOT_E,E:\MEDIOEVO\sesiones\.medioevo_gumroad_session\Default\Login Data For Account-journal,path_name,payment_or_provider,0,REDACTED_PATH_VALUE
ROOT_E,E:\MEDIOEVO\sesiones\.medioevo_gumroad_session\Default\Login Data,path_name,payment_or_provider,0,REDACTED_PATH_VALUE
ROOT_E,E:\MEDIOEVO\sesiones\.medioevo_gumroad_session\Default\SharedStorage,path_name,payment_or_provider,0,REDACTED_PATH_VALUE
ROOT_E,E:\MEDIOEVO\sesiones\.medioevo_gumroad_session\Default\Favicons-journal,path_name,payment_or_provider,0,REDACTED_PATH_VALUE
ROOT_E,E:\MEDIOEVO\sesiones\.medioevo_gumroad_session\Default\passkey_enclave_state,path_name,payment_or_provider,0,REDACTED_PATH_VALUE
ROOT_E,E:\MEDIOEVO\sesiones\.medioevo_gumroad_session\Default\Favicons,path_name,payment_or_provider,0,REDACTED_PATH_VALUE
ROOT_E,E:\MEDIOEVO\sesiones\.medioevo_gumroad_session\Default\Account Web Data-journal,path_name,payment_or_provider,0,REDACTED_PATH_VALUE
ROOT_E,E:\MEDIOEVO\sesiones\.medioevo_gumroad_session\Default\ExtensionActivityEdge-journal,path_name,payment_or_provider,0,REDACTED_PATH_VALUE
ROOT_E,E:\MEDIOEVO\sesiones\.medioevo_gumroad_session\Default\AutofillStrikeDatabase\LOG.old,path_name,payment_or_provider,0,REDACTED_PATH_VALUE
ROOT_E,E:\MEDIOEVO\sesiones\.medioevo_gumroad_session\Default\AutofillStrikeDatabase\LOG,path_name,payment_or_provider,0,REDACTED_PATH_VALUE
ROOT_E,E:\MEDIOEVO\sesiones\.medioevo_gumroad_session\Default\BudgetDatabase\LOG.old,path_name,payment_or_provider,0,REDACTED_PATH_VALUE
ROOT_E,E:\MEDIOEVO\sesiones\.medioevo_gumroad_session\Default\BudgetDatabase\LOG,path_name,payment_or_provider,0,REDACTED_PATH_VALUE
ROOT_E,E:\MEDIOEVO\sesiones\.medioevo_gumroad_session\Default\GCM Store\MANIFEST-000001,path_name,payment_or_provider,0,REDACTED_PATH_VALUE
ROOT_E,E:\MEDIOEVO\sesiones\.medioevo_gumroad_session\Default\GCM Store\CURRENT,path_name,payment_or_provider,0,REDACTED_PATH_VALUE
ROOT_E,E:\MEDIOEVO\sesiones\.medioevo_gumroad_session\Default\GCM Store\000003.log,path_name,payment_or_provider,0,REDACTED_PATH_VALUE
ROOT_E,E:\MEDIOEVO\sesiones\.medioevo_gumroad_session\Default\GCM Store\LOG,path_name,payment_or_provider,0,REDACTED_PATH_VALUE
ROOT_E,E:\MEDIOEVO\sesiones\.medioevo_gumroad_session\Default\GCM Store\LOG.old,path_name,payment_or_provider,0,REDACTED_PATH_VALUE
ROOT_E,E:\MEDIOEVO\sesiones\.medioevo_gumroad_session\Default\Feature Engagement Tracker\AvailabilityDB\LOG.old,path_name,payment_or_provider,0,REDACTED_PATH_VALUE
ROOT_E,E:\MEDIOEVO\sesiones\.medioevo_gumroad_session\Default\Feature Engagement Tracker\AvailabilityDB\LOG,path_name,payment_or_provider,0,REDACTED_PATH_VALUE
ROOT_E,E:\MEDIOEVO\sesiones\.medioevo_gumroad_session\Default\Feature Engagement Tracker\EventDB\LOG.old,path_name,payment_or_provider,0,REDACTED_PATH_VALUE
ROOT_E,E:\MEDIOEVO\sesiones\.medioevo_gumroad_session\Default\Feature Engagement Tracker\EventDB\LOG,path_name,payment_or_provider,0,REDACTED_PATH_VALUE
ROOT_E,E:\MEDIOEVO\sesiones\.medioevo_gumroad_session\Default\Sessions\Session_13420296162220913,path_name,payment_or_provider,0,REDACTED_PATH_VALUE
ROOT_E,E:\MEDIOEVO\sesiones\.medioevo_gumroad_session\Default\Sessions\Tabs_13417852315962531,path_name,payment_or_provider,0,REDACTED_PATH_VALUE
ROOT_E,E:\MEDIOEVO\sesiones\.medioevo_gumroad_session\Default\Sessions\Tabs_13420296162834101,path_name,payment_or_provider,0,REDACTED_PATH_VALUE
ROOT_E,E:\MEDIOEVO\sesiones\.medioevo_gumroad_session\Default\Sessions\Session_13417852324054279,path_name,payment_or_provider,0,REDACTED_PATH_VALUE
ROOT_E,E:\MEDIOEVO\sesiones\.medioevo_gumroad_session\Default\chrome_cart_db\LOG,path_name,payment_or_provider,0,REDACTED_PATH_VALUE
ROOT_E,E:\MEDIOEVO\sesiones\.medioevo_gumroad_session\Default\chrome_cart_db\LOG.old,path_name,payment_or_provider,0,REDACTED_PATH_VALUE
ROOT_E,E:\MEDIOEVO\sesiones\.medioevo_gumroad_session\Default\Nurturing\campaign_history-journal,path_name,payment_or_provider,0,REDACTED_PATH_VALUE
ROOT_E,E:\MEDIOEVO\sesiones\.medioevo_gumroad_session\Default\Nurturing\campaign_history,path_name,payment_or_provider,0,REDACTED_PATH_VALUE
ROOT_E,E:\MEDIOEVO\sesiones\.medioevo_gumroad_session\Default\DualEngine\SiteList-Consumer.json,path_name,payment_or_provider,0,REDACTED_PATH_VALUE
ROOT_E,E:\MEDIOEVO\sesiones\.medioevo_gumroad_session\Default\DualEngine\SiteList-Enterprise.json,path_name,payment_or_provider,0,REDACTED_PATH_VALUE
ROOT_E,E:\MEDIOEVO\sesiones\.medioevo_gumroad_session\Default\EdgePushStorageWithConnectTokenAndKey\LOG,path_name,secret_name,0,REDACTED_PATH_VALUE
ROOT_E,E:\MEDIOEVO\sesiones\.medioevo_gumroad_session\Default\EdgePushStorageWithConnectTokenAndKey\LOG,path_name,payment_or_provider,0,REDACTED_PATH_VALUE
ROOT_E,E:\MEDIOEVO\sesiones\.medioevo_gumroad_session\Default\EdgePushStorageWithConnectTokenAndKey\LOCK,path_name,secret_name,0,REDACTED_PATH_VALUE
ROOT_E,E:\MEDIOEVO\sesiones\.medioevo_gumroad_session\Default\EdgePushStorageWithConnectTokenAndKey\LOCK,path_name,payment_or_provider,0,REDACTED_PATH_VALUE
ROOT_E,E:\MEDIOEVO\sesiones\.medioevo_gumroad_session\Default\EdgeCoupons\coupons_data.db\LOG,path_name,payment_or_provider,0,REDACTED_PATH_VALUE
ROOT_E,E:\MEDIOEVO\sesiones\.medioevo_gumroad_session\Default\EdgeCoupons\coupons_data.db\LOCK,path_name,payment_or_provider,0,REDACTED_PATH_VALUE
ROOT_E,E:\MEDIOEVO\sesiones\.medioevo_gumroad_session\Default\EdgeCoupons\coupons_data.db\MANIFEST-000001,path_name,payment_or_provider,0,REDACTED_PATH_VALUE
ROOT_E,E:\MEDIOEVO\sesiones\.medioevo_gumroad_session\Default\EdgeCoupons\coupons_data.db\CURRENT,path_name,payment_or_provider,0,REDACTED_PATH_VALUE
ROOT_E,E:\MEDIOEVO\sesiones\.medioevo_gumroad_session\Default\EdgeCoupons\coupons_data.db\000003.log,path_name,payment_or_provider,0,REDACTED_PATH_VALUE
ROOT_E,E:\MEDIOEVO\sesiones\.medioevo_gumroad_session\Default\EdgeJourneys\EdgeJourneys.db,path_name,payment_or_provider,0,REDACTED_PATH_VALUE
ROOT_E,E:\MEDIOEVO\sesiones\.medioevo_gumroad_session\Default\Local Storage\leveldb\LOG.old,path_name,payment_or_provider,0,REDACTED_PATH_VALUE
ROOT_E,E:\MEDIOEVO\sesiones\.medioevo_gumroad_session\Default\Local Storage\leveldb\LOCK,path_name,payment_or_provider,0,REDACTED_PATH_VALUE
ROOT_E,E:\MEDIOEVO\sesiones\.medioevo_gumroad_session\Default\Local Storage\leveldb\LOG,path_name,payment_or_provider,0,REDACTED_PATH_VALUE
ROOT_E,E:\MEDIOEVO\sesiones\.medioevo_gumroad_session\Default\Local Storage\leveldb\MANIFEST-000001,path_name,payment_or_provider,0,REDACTED_PATH_VALUE
ROOT_E,E:\MEDIOEVO\sesiones\.medioevo_gumroad_session\Default\Local Storage\leveldb\CURRENT,path_name,payment_or_provider,0,REDACTED_PATH_VALUE
ROOT_E,E:\MEDIOEVO\sesiones\.medioevo_gumroad_session\Default\Local Storage\leveldb\000003.log,path_name,payment_or_provider,0,REDACTED_PATH_VALUE
ROOT_E,E:\MEDIOEVO\sesiones\.medioevo_gumroad_session\Default\AutofillAiModelCache\LOG.old,path_name,payment_or_provider,0,REDACTED_PATH_VALUE
ROOT_E,E:\MEDIOEVO\sesiones\.medioevo_gumroad_session\Default\AutofillAiModelCache\LOG,path_name,payment_or_provider,0,REDACTED_PATH_VALUE
ROOT_E,E:\MEDIOEVO\sesiones\.medioevo_gumroad_session\Default\EntityExtraction\EntityExtractionAssetStore.db\LOG,path_name,payment_or_provider,0,REDACTED_PATH_VALUE
ROOT_E,E:\MEDIOEVO\sesiones\.medioevo_gumroad_session\Default\Site Characteristics Database\LOG.old,path_name,payment_or_provider,0,REDACTED_PATH_VALUE
ROOT_E,E:\MEDIOEVO\sesiones\.medioevo_gumroad_session\Default\Site Characteristics Database\LOG,path_name,payment_or_provider,0,REDACTED_PATH_VALUE
ROOT_E,E:\MEDIOEVO\sesiones\.medioevo_gumroad_session\Default\Site Characteristics Database\CURRENT,path_name,payment_or_provider,0,REDACTED_PATH_VALUE
ROOT_E,E:\MEDIOEVO\sesiones\.medioevo_gumroad_session\Default\Site Characteristics Database\MANIFEST-000001,path_name,payment_or_provider,0,REDACTED_PATH_VALUE
ROOT_E,E:\MEDIOEVO\sesiones\.medioevo_gumroad_session\Default\Site Characteristics Database\LOCK,path_name,payment_or_provider,0,REDACTED_PATH_VALUE
ROOT_E,E:\MEDIOEVO\sesiones\.medioevo_gumroad_session\Default\Site Characteristics Database\000003.log,path_name,payment_or_provider,0,REDACTED_PATH_VALUE
ROOT_E,E:\MEDIOEVO\sesiones\.medioevo_gumroad_session\Default\ClientCertificates\LOG.old,path_name,payment_or_provider,0,REDACTED_PATH_VALUE
ROOT_E,E:\MEDIOEVO\sesiones\.medioevo_gumroad_session\Default\ClientCertificates\LOCK,path_name,payment_or_provider,0,REDACTED_PATH_VALUE
ROOT_E,E:\MEDIOEVO\sesiones\.medioevo_gumroad_session\Default\ClientCertificates\LOG,path_name,payment_or_provider,0,REDACTED_PATH_VALUE
ROOT_E,E:\MEDIOEVO\sesiones\.medioevo_gumroad_session\Default\Extension State\LOG.old,path_name,payment_or_provider,0,REDACTED_PATH_VALUE
ROOT_E,E:\MEDIOEVO\sesiones\.medioevo_gumroad_session\Default\Extension State\LOCK,path_name,payment_or_provider,0,REDACTED_PATH_VALUE
ROOT_E,E:\MEDIOEVO\sesiones\.medioevo_gumroad_session\Default\Extension State\000003.log,path_name,payment_or_provider,0,REDACTED_PATH_VALUE
ROOT_E,E:\MEDIOEVO\sesiones\.medioevo_gumroad_session\Default\Extension State\MANIFEST-000001,path_name,payment_or_provider,0,REDACTED_PATH_VALUE
ROOT_E,E:\MEDIOEVO\sesiones\.medioevo_gumroad_session\Default\Extension State\CURRENT,path_name,payment_or_provider,0,REDACTED_PATH_VALUE
ROOT_E,E:\MEDIOEVO\sesiones\.medioevo_gumroad_session\Default\Extension State\LOG,path_name,payment_or_provider,0,REDACTED_PATH_VALUE
ROOT_E,E:\MEDIOEVO\sesiones\.medioevo_gumroad_session\Default\Code Cache\js\70b0f0fdd8d45ae6_0,path_name,payment_or_provider,0,REDACTED_PATH_VALUE
ROOT_E,E:\MEDIOEVO\sesiones\.medioevo_gumroad_session\Default\Code Cache\js\b067762262d5739e_0,path_name,payment_or_provider,0,REDACTED_PATH_VALUE
ROOT_E,E:\MEDIOEVO\sesiones\.medioevo_gumroad_session\Default\Code Cache\js\96855c4d046910ca_0,path_name,payment_or_provider,0,REDACTED_PATH_VALUE
ROOT_E,E:\MEDIOEVO\sesiones\.medioevo_gumroad_session\Default\Code Cache\js\5fa094eb65b64e36_0,path_name,payment_or_provider,0,REDACTED_PATH_VALUE
ROOT_E,E:\MEDIOEVO\sesiones\.medioevo_gumroad_session\Default\Code Cache\js\24136a95aac8ee1d_0,path_name,payment_or_provider,0,REDACTED_PATH_VALUE
ROOT_E,E:\MEDIOEVO\sesiones\.medioevo_gumroad_session\Default\Code Cache\js\40efdd55ce4375d0_0,path_name,payment_or_provider,0,REDACTED_PATH_VALUE
ROOT_E,E:\MEDIOEVO\sesiones\.medioevo_gumroad_session\Default\Code Cache\js\21b0ba14d0363cf8_0,path_name,payment_or_provider,0,REDACTED_PATH_VALUE
ROOT_E,E:\MEDIOEVO\sesiones\.medioevo_gumroad_session\Default\Code Cache\js\1e9d6e629bf69044_0,path_name,payment_or_provider,0,REDACTED_PATH_VALUE
ROOT_E,E:\MEDIOEVO\sesiones\.medioevo_gumroad_session\Default\Code Cache\js\9b28611a93212c86_0,path_name,payment_or_provider,0,REDACTED_PATH_VALUE
ROOT_E,E:\MEDIOEVO\sesiones\.medioevo_gumroad_session\Default\Code Cache\js\1b40179c0404ef41_0,path_name,payment_or_provider,0,REDACTED_PATH_VALUE
ROOT_E,E:\MEDIOEVO\sesiones\.medioevo_gumroad_session\Default\Code Cache\js\dee00b8a6aa29782_0,path_name,payment_or_provider,0,REDACTED_PATH_VALUE
ROOT_E,E:\MEDIOEVO\sesiones\.medioevo_gumroad_session\Default\Code Cache\js\6ef3b1de41c0df7c_0,path_name,payment_or_provider,0,REDACTED_PATH_VALUE
ROOT_E,E:\MEDIOEVO\sesiones\.medioevo_gumroad_session\Default\Code Cache\js\d3ed05ac891d3f46_0,path_name,payment_or_provider,0,REDACTED_PATH_VALUE
ROOT_E,E:\MEDIOEVO\sesiones\.medioevo_gumroad_session\Default\Code Cache\js\e1f12328bf3d67ec_0,path_name,payment_or_provider,0,REDACTED_PATH_VALUE
ROOT_E,E:\MEDIOEVO\sesiones\.medioevo_gumroad_session\Default\Code Cache\js\2ea7dcb5590fce50_0,path_name,payment_or_provider,0,REDACTED_PATH_VALUE
ROOT_E,E:\MEDIOEVO\sesiones\.medioevo_gumroad_session\Default\Code Cache\js\b17282d4f7936026_0,path_name,payment_or_provider,0,REDACTED_PATH_VALUE
ROOT_E,E:\MEDIOEVO\sesiones\.medioevo_gumroad_session\Default\Code Cache\js\0640007d9ad72308_0,path_name,payment_or_provider,0,REDACTED_PATH_VALUE
ROOT_E,E:\MEDIOEVO\sesiones\.medioevo_gumroad_session\Default\Code Cache\js\e9ade466f2075e18_0,path_name,payment_or_provider,0,REDACTED_PATH_VALUE
ROOT_E,E:\MEDIOEVO\sesiones\.medioevo_gumroad_session\Default\Code Cache\js\9b9d0b62c72ecb79_0,path_name,payment_or_provider,0,REDACTED_PATH_VALUE
ROOT_E,E:\MEDIOEVO\sesiones\.medioevo_gumroad_session\Default\Code Cache\js\285e35d33844cdf2_0,path_name,payment_or_provider,0,REDACTED_PATH_VALUE
ROOT_E,E:\MEDIOEVO\sesiones\.medioevo_gumroad_session\Default\Code Cache\js\f8b5412a87d1d04e_0,path_name,payment_or_provider,0,REDACTED_PATH_VALUE
ROOT_E,E:\MEDIOEVO\sesiones\.medioevo_gumroad_session\Default\Code Cache\js\cf6f4588bbe29cd1_0,path_name,payment_or_provider,0,REDACTED_PATH_VALUE
ROOT_E,E:\MEDIOEVO\sesiones\.medioevo_gumroad_session\Default\Code Cache\js\48190cf18b2d04db_0,path_name,payment_or_provider,0,REDACTED_PATH_VALUE
ROOT_E,E:\MEDIOEVO\sesiones\.medioevo_gumroad_session\Default\Code Cache\js\2aaa5f813758cc22_0,path_name,payment_or_provider,0,REDACTED_PATH_VALUE
ROOT_E,E:\MEDIOEVO\sesiones\.medioevo_gumroad_session\Default\Code Cache\js\443d48f0ef7c7b6b_0,path_name,payment_or_provider,0,REDACTED_PATH_VALUE
ROOT_E,E:\MEDIOEVO\sesiones\.medioevo_gumroad_session\Default\Code Cache\js\e944596cd61edaa3_0,path_name,payment_or_provider,0,REDACTED_PATH_VALUE
ROOT_E,E:\MEDIOEVO\sesiones\.medioevo_gumroad_session\Default\Code Cache\js\d03ac7b1f650825b_0,path_name,payment_or_provider,0,REDACTED_PATH_VALUE
ROOT_E,E:\MEDIOEVO\sesiones\.medioevo_gumroad_session\Default\Code Cache\js\8d5535e08391da01_0,path_name,payment_or_provider,0,REDACTED_PATH_VALUE
ROOT_E,E:\MEDIOEVO\sesiones\.medioevo_gumroad_session\Default\Code Cache\js\2734b6e2f600dbec_0,path_name,payment_or_provider,0,REDACTED_PATH_VALUE
ROOT_E,E:\MEDIOEVO\sesiones\.medioevo_gumroad_session\Default\Code Cache\js\79e8a6a29ab61afe_0,path_name,payment_or_provider,0,REDACTED_PATH_VALUE
ROOT_E,E:\MEDIOEVO\sesiones\.medioevo_gumroad_session\Default\Code Cache\js\92aab811cc754a83_0,path_name,payment_or_provider,0,REDACTED_PATH_VALUE
ROOT_E,E:\MEDIOEVO\sesiones\.medioevo_gumroad_session\Default\Code Cache\js\318cc041917b7195_0,path_name,payment_or_provider,0,REDACTED_PATH_VALUE
ROOT_E,E:\MEDIOEVO\sesiones\.medioevo_gumroad_session\Default\Code Cache\js\3ee9ed9d427c7f74_0,path_name,payment_or_provider,0,REDACTED_PATH_VALUE
ROOT_E,E:\MEDIOEVO\sesiones\.medioevo_gumroad_session\Default\Code Cache\js\6fa3394aaaa07f6a_0,path_name,payment_or_provider,0,REDACTED_PATH_VALUE
ROOT_E,E:\MEDIOEVO\sesiones\.medioevo_gumroad_session\Default\Code Cache\js\51776784234863ab_0,path_name,payment_or_provider,0,REDACTED_PATH_VALUE
ROOT_E,E:\MEDIOEVO\sesiones\.medioevo_gumroad_session\Default\Code Cache\js\ebb9f8d504aa07a0_0,path_name,payment_or_provider,0,REDACTED_PATH_VALUE
ROOT_E,E:\MEDIOEVO\sesiones\.medioevo_gumroad_session\Default\Code Cache\js\7b0dca59e3fec5a8_0,path_name,payment_or_provider,0,REDACTED_PATH_VALUE
ROOT_E,E:\MEDIOEVO\sesiones\.medioevo_gumroad_session\Default\Code Cache\js\5bc2193ade931b46_0,path_name,payment_or_provider,0,REDACTED_PATH_VALUE
ROOT_E,E:\MEDIOEVO\sesiones\.medioevo_gumroad_session\Default\Code Cache\js\4a57f4cf5cc98aba_0,path_name,payment_or_provider,0,REDACTED_PATH_VALUE
ROOT_E,E:\MEDIOEVO\sesiones\.medioevo_gumroad_session\Default\Code Cache\js\846aade778f08dc8_0,path_name,payment_or_provider,0,REDACTED_PATH_VALUE
ROOT_E,E:\MEDIOEVO\sesiones\.medioevo_gumroad_session\Default\Code Cache\js\3562a8fa7ba71b50_0,path_name,payment_or_provider,0,REDACTED_PATH_VALUE
ROOT_E,E:\MEDIOEVO\sesiones\.medioevo_gumroad_session\Default\Code Cache\js\d7947a2ce8240f15_0,path_name,payment_or_provider,0,REDACTED_PATH_VALUE
ROOT_E,E:\MEDIOEVO\sesiones\.medioevo_gumroad_session\Default\Code Cache\js\index,path_name,payment_or_provider,0,REDACTED_PATH_VALUE
ROOT_E,E:\MEDIOEVO\sesiones\.medioevo_gumroad_session\Default\Code Cache\js\6ca4e194b020e02c_0,path_name,payment_or_provider,0,REDACTED_PATH_VALUE
ROOT_E,E:\MEDIOEVO\sesiones\.medioevo_gumroad_session\Default\Code Cache\js\index-dir\the-real-index,path_name,payment_or_provider,0,REDACTED_PATH_VALUE
ROOT_E,E:\MEDIOEVO\sesiones\.medioevo_gumroad_session\Default\Code Cache\wasm\index,path_name,payment_or_provider,0,REDACTED_PATH_VALUE
ROOT_E,E:\MEDIOEVO\sesiones\.medioevo_gumroad_session\Default\Code Cache\wasm\index-dir\the-real-index,path_name,payment_or_provider,0,REDACTED_PATH_VALUE
ROOT_E,E:\MEDIOEVO\sesiones\.medioevo_gumroad_session\Default\PersistentOriginTrials\LOG.old,path_name,payment_or_provider,0,REDACTED_PATH_VALUE
ROOT_E,E:\MEDIOEVO\sesiones\.medioevo_gumroad_session\Default\PersistentOriginTrials\LOCK,path_name,payment_or_provider,0,REDACTED_PATH_VALUE
ROOT_E,E:\MEDIOEVO\sesiones\.medioevo_gumroad_session\Default\PersistentOriginTrials\LOG,path_name,payment_or_provider,0,REDACTED_PATH_VALUE
ROOT_E,E:\MEDIOEVO\sesiones\.medioevo_gumroad_session\Default\discounts_db\LOG.old,path_name,payment_or_provider,0,REDACTED_PATH_VALUE
ROOT_E,E:\MEDIOEVO\sesiones\.medioevo_gumroad_session\Default\discounts_db\LOCK,path_name,payment_or_provider,0,REDACTED_PATH_VALUE
ROOT_E,E:\MEDIOEVO\sesiones\.medioevo_gumroad_session\Default\discounts_db\LOG,path_name,payment_or_provider,0,REDACTED_PATH_VALUE
